,freesound_id,path,start_sample,end_sample,mean_pitch,loudness,mfcc_0,mfcc_1,mfcc_2,mfcc_3,mfcc_4,mfcc_5,mfcc_6,mfcc_7,mfcc_8,mfcc_9,mfcc_10,mfcc_11,mfcc_12
0,459487,data/collections/barnyard/sounds/459487_118241-hq.ogg,36352,50688,79.0,0.1214294001119699,-724.07556,-51.577213,-93.65868,23.256306,10.521788,52.972263,0.20542908,45.442375,53.622494,32.460415,42.252117,-30.538597,-53.360332
1,459487,data/collections/barnyard/sounds/459487_118241-hq.ogg,50944,75392,76.0,0.0400343553374103,-884.03046,60.40549,-32.21484,-15.837972,-18.98459,53.803883,-0.5218304,19.3639,35.192917,25.767424,70.1203,30.9657,5.3964553
2,432759,data/collections/barnyard/sounds/432759_5140792-hq.ogg,1792,22016,64.0,0.0133839107189862,-968.3914,210.68901,-41.06975,-58.61003,-1.7233738,14.032227,-19.71212,-23.330082,-8.72904,-20.252548,-36.38572,-21.16119,9.635873
3,448018,data/collections/barnyard/sounds/448018_9260253-hq.ogg,3328,25088,82.0,0.2446765236270278,-696.36224,103.007385,-22.706516,-20.625248,-5.945705,15.737349,40.51551,53.520245,38.73573,8.285123,-18.640781,-9.654255,-0.9647404
4,563280,data/collections/barnyard/sounds/563280_12618096-hq.ogg,4480,23808,85.0,0.0981976512773031,-872.2466,-14.911348,-149.5773,83.247665,-25.623928,61.61507,33.889126,49.702335,-8.551069,-61.73038,-24.474146,26.815878,74.92555
5,835689,data/collections/barnyard/sounds/835689_3398040-hq.ogg,9344,15104,67.0,0.132193672249712,-551.0189,103.69686,5.512104,-9.078875,-18.335136,7.1177583,-24.308676,-14.40537,2.5715652,-1.3058367,-5.5417304,2.1767206,8.882399
6,835689,data/collections/barnyard/sounds/835689_3398040-hq.ogg,26240,34560,72.0,0.1839043090713527,-543.2176,62.41412,-88.808876,77.513245,12.421452,-0.0325737,-7.147282,-4.384109,14.032431,10.785889,20.20708,4.5883026,16.30784
7,516516,data/collections/barnyard/sounds/516516_11288216-hq.ogg,1024,14720,76.0,0.0023650305720339,-903.76013,106.18022,-124.37009,30.741121,24.236797,5.557681,-4.9582467,-3.577962,13.635667,-0.8692761,-16.883125,13.524043,-6.5529428
8,516516,data/collections/barnyard/sounds/516516_11288216-hq.ogg,14976,32384,74.0,0.0018580706405132,-926.4221,131.31235,-120.65453,5.0144305,40.716724,-6.765092,23.505358,-12.910167,-2.663902,14.792917,-22.747349,-2.5322826,-2.23936
9,757186,data/collections/barnyard/sounds/757186_10938187-hq.ogg,640,5248,46.0,0.0059826131997047,-1083.3485,147.13812,78.11063,55.90419,41.70159,27.87983,17.29665,12.966352,6.309253,1.4465995,-0.053575277,-0.96721303,-2.027439
10,757186,data/collections/barnyard/sounds/757186_10938187-hq.ogg,10752,16640,50.0,0.0458417408169384,-818.21094,218.25931,69.86574,26.702555,-3.4597888,-10.969607,6.1578794,15.33183,-25.37876,-13.925756,-25.250116,1.6575022,0.33981618
11,757186,data/collections/barnyard/sounds/757186_10938187-hq.ogg,50304,56832,51.0,7.338307898355074e-05,-1189.451,43.2486,46.518353,31.308722,25.929169,8.856172,15.189328,9.564347,2.26975,3.247776,7.6349025,-3.7838404,1.4591513
12,757186,data/collections/barnyard/sounds/757186_10938187-hq.ogg,86912,100224,58.0,0.005216225102792,-1028.357,100.37272,50.74605,21.923355,11.542899,21.992311,4.6747494,6.174207,-14.003808,-4.1247935,-2.4683669,0.4687823,5.177038
13,640475,data/collections/barnyard/sounds/640475_8272463-hq.ogg,71424,76416,45.0,0.120004956700348,-692.2505,206.47386,29.878586,32.88303,21.719837,31.434792,16.429422,12.866741,-16.023096,-7.36766,-16.10537,21.564613,18.782759
14,640475,data/collections/barnyard/sounds/640475_8272463-hq.ogg,175104,183168,48.0,0.0005192481624993,-994.399,93.68244,19.958729,35.047066,39.918568,1.8571262,-3.76502,18.306547,8.790521,-10.205323,-13.297545,-2.031265,12.182341
15,763906,data/collections/barnyard/sounds/763906_13111422-hq.ogg,50688,62208,69.0,0.0267150247394883,-739.9737,97.06856,-83.27648,37.524513,-20.807001,27.770287,1.0406969,45.89368,9.55474,-3.0345926,19.732912,11.392437,17.894527
16,732521,data/collections/barnyard/sounds/732521_13416215-hq.ogg,5376,18560,83.0,0.0005751105309875,-1086.1786,54.11801,-64.18418,16.243944,-5.8948417,18.187973,32.738262,27.36972,38.00345,-11.409355,-38.163677,-31.438559,9.221101
17,732521,data/collections/barnyard/sounds/732521_13416215-hq.ogg,18816,37888,80.0,0.0003694773810686,-1128.257,62.539864,-25.068314,-8.51671,-22.966047,29.52355,17.8522,3.58787,43.05811,22.456327,1.4631588,-37.3389,-50.634106
18,467840,data/collections/barnyard/sounds/467840_371166-hq.ogg,1408,6656,60.0,0.1310327260035451,-691.75745,149.75427,-105.72219,-76.06209,-67.31469,-15.876127,4.0054383,-23.02342,-2.771265,20.767397,1.6823504,-3.8974814,-5.5135126
19,535457,data/collections/barnyard/sounds/535457_2587400-hq.ogg,512,8448,52.0,0.0729629771817018,-724.06934,184.2056,-67.01763,-46.67661,-47.111187,-28.939266,-9.982824,-7.696217,-50.383724,4.8880973,-3.808604,-2.3428962,-5.9902124
20,828526,data/collections/barnyard/sounds/828526_13183432-hq.ogg,2816,14848,69.0,0.0536948971311755,-931.128,242.57472,-31.73166,-83.44003,-64.38715,-26.33446,-53.686035,-55.7767,-16.012249,-16.010128,-10.4267235,-10.88471,3.281418
21,828526,data/collections/barnyard/sounds/828526_13183432-hq.ogg,18432,39552,65.0,0.0165355397013125,-989.5824,230.40425,-1.7469141,-90.26308,-78.88073,-36.987766,-41.515182,-42.449203,-17.00555,-11.965567,-16.734158,-21.516462,-5.0053644
22,711738,data/collections/barnyard/sounds/711738_15433722-hq.ogg,1536,9472,78.0,0.1038717352163276,-554.71344,44.928745,-64.40728,17.60314,3.6002834,-40.31502,-36.528194,3.2003887,18.255959,5.5602303,-10.857317,-17.661777,-21.41957
23,420449,data/collections/barnyard/sounds/420449_2402876-hq.ogg,2688,13568,70.0,0.0565910187222607,-698.6691,73.030106,-34.854584,-46.363075,-40.2946,-19.412302,-52.25116,-4.318402,-12.864557,-15.497009,-3.29851,10.967951,2.9080179
24,420449,data/collections/barnyard/sounds/420449_2402876-hq.ogg,15744,21248,92.0,0.0003061102018487,-1031.3378,20.520205,-7.519108,24.441904,-38.60643,25.601706,3.285813,34.697987,15.35172,28.951136,8.038458,-7.071945,-14.852686
25,442817,data/collections/barnyard/sounds/442817_71257-hq.ogg,2176,14848,55.0,0.0399430866325044,-732.7803,199.48021,41.930187,5.6742363,10.495854,0.15141697,-33.61642,1.8355154,6.401188,-5.8109927,16.976042,19.38619,-31.323065
26,368011,data/collections/barnyard/sounds/368011_5966858-hq.ogg,9216,20480,79.0,0.0282980744866284,-736.32117,142.76251,-118.83346,-33.022987,-16.328392,-13.442362,-42.170204,-30.37259,4.377925,-13.325948,-22.257872,-20.766666,-32.16654
27,625498,data/collections/barnyard/sounds/625498_13366994-hq.ogg,3840,18176,71.0,0.0735388206498312,-730.7797,142.52377,-92.11856,-77.91203,-39.468105,-7.9268537,-22.2878,12.075388,11.489719,9.232629,-1.0653567,12.834016,5.74126
28,699822,data/collections/barnyard/sounds/699822_15173053-hq.ogg,128,10240,58.0,0.0816071680862883,-820.873,234.7243,21.31001,-26.932955,-89.34036,-1.5201211,-15.324375,-6.853038,31.432238,-9.030018,-0.3697259,20.315742,13.913068
29,144885,data/collections/barnyard/sounds/144885_2603571-hq.ogg,0,5632,66.0,0.1107448273533322,-680.3978,215.54817,-92.52097,-33.814587,-36.229206,-24.06928,-31.402256,2.8561728,-11.530332,0.92634046,-13.26977,21.753353,10.023321
30,813120,data/collections/barnyard/sounds/813120_71257-hq.ogg,1664,7296,77.0,0.1429095041112448,-679.9023,109.56277,-137.18552,-95.42174,-39.583027,-25.722082,-8.843375,-3.9161904,7.7886453,19.242437,-13.267517,-0.82430947,-13.419115
31,502655,data/collections/barnyard/sounds/502655_9561949-hq.ogg,6400,20864,78.0,0.0968913960608477,-949.2923,91.986336,-78.27794,-87.3205,-60.508484,-27.998262,-9.145075,-3.7893398,14.129613,18.412481,-0.6343946,-3.3659134,-16.679874
32,236282,data/collections/barnyard/sounds/236282_180659-hq.ogg,3712,11008,76.0,0.0351134493805884,-811.4847,166.10915,-72.43131,-65.06285,0.37472248,-36.9197,-11.639434,9.68682,2.2888806,40.69186,13.631205,-17.694872,-12.905706
33,236282,data/collections/barnyard/sounds/236282_180659-hq.ogg,18560,24960,64.0,5.94259553536969e-05,-1180.5948,87.40562,30.530268,4.511048,7.803213,8.151363,1.6626333,6.649656,22.264656,25.643885,9.115266,-6.212797,-5.910377
34,716510,data/collections/barnyard/sounds/716510_321967-hq.ogg,2688,21504,54.0,0.0812941787125032,-941.74927,152.7543,-4.6625824,-38.801323,-58.283806,-12.866851,-24.149057,-21.661177,-5.387034,-6.8909836,6.9433513,7.6931186,-8.14661
35,242413,data/collections/barnyard/sounds/242413_4165591-hq.ogg,3328,23808,91.0,0.0809821545656952,-901.12244,29.355408,-101.763794,-24.031485,47.94229,49.253284,26.240173,-8.083092,-31.478975,-0.24598342,34.4804,6.6506867,-35.032146
36,517133,data/collections/barnyard/sounds/517133_5026978-hq.ogg,16128,23936,55.0,0.0041088473156065,-875.5926,112.34981,44.426727,49.631474,-9.329779,-34.485542,-18.603819,-6.038807,-17.111048,-6.678225,-6.1491265,-8.490023,-16.534817
37,89208,data/collections/barnyard/sounds/89208_1301491-hq.ogg,8064,12544,47.0,0.044092041864848,-672.42993,176.7761,20.823444,-11.130322,15.650155,-11.083161,3.6076777,-4.4930468,-34.430668,-3.50318,-12.763777,2.5006833,-0.17716205
38,89208,data/collections/barnyard/sounds/89208_1301491-hq.ogg,14208,20992,55.0,0.0259827539588108,-830.5186,169.01538,36.42494,16.108263,19.283472,12.481541,-0.58717567,-13.484275,-16.567545,3.5055163,-6.2916408,0.7915161,-3.6232402
39,89208,data/collections/barnyard/sounds/89208_1301491-hq.ogg,22400,29952,43.0,0.0064174887409081,-908.5704,134.78665,48.550854,30.747864,17.383387,26.758287,23.367954,5.0747695,8.291089,5.140208,5.6728435,0.7268035,-0.6409051
40,420447,data/collections/barnyard/sounds/420447_2402876-hq.ogg,4992,17792,71.0,0.0465307141233472,-857.42065,115.9078,-12.318738,-39.507183,-38.07317,-5.845484,-13.797177,3.9780815,8.267793,1.2432646,5.698111,-0.24897297,-4.1103606
41,420447,data/collections/barnyard/sounds/420447_2402876-hq.ogg,20096,24832,66.0,6.589025544256398e-07,-1263.7473,1.6453195,1.6414495,1.6352005,1.6262491,1.6150179,1.6010475,1.5846939,1.5659394,1.5447893,1.5212169,1.4953156,1.4670744
42,691476,data/collections/barnyard/sounds/691476_14040168-hq.ogg,4864,30080,73.0,0.0538667818130786,-689.1657,-38.88767,-101.79348,-11.029225,-19.578962,0.6415808,6.737535,-1.936964,-16.75529,11.786846,21.52465,18.523676,34.66265
43,462770,data/collections/barnyard/sounds/462770_8043-hq.ogg,10752,23936,43.0,0.0074609670290139,-807.36774,119.18134,14.975049,35.94433,13.58998,16.89603,-1.4000505,20.62697,18.883772,22.109367,-5.0484962,-30.88468,7.1881347
44,462770,data/collections/barnyard/sounds/462770_8043-hq.ogg,24192,37120,46.0,0.0232192812462623,-700.9778,141.20091,-36.751587,-5.9933834,11.406105,51.759624,6.886065,-2.2842474,3.0680962,3.3229778,-18.481192,-19.283817,-6.8043685
45,462770,data/collections/barnyard/sounds/462770_8043-hq.ogg,37376,50304,49.0,0.0291060806482398,-714.43524,171.04669,-31.480362,-25.498178,8.1761875,35.980095,-5.620199,-5.9639335,-12.224956,-5.886872,-23.533876,-29.869797,-16.066471
46,462770,data/collections/barnyard/sounds/462770_8043-hq.ogg,50560,63488,50.0,0.0208029979456165,-719.43866,169.26843,-25.725952,-37.245388,-6.254635,22.500704,-10.898479,-9.187102,-9.155545,-6.1022315,-11.993278,-18.058702,-20.3319
47,462770,data/collections/barnyard/sounds/462770_8043-hq.ogg,63744,94848,51.0,0.0222324435798781,-703.6886,146.54147,-30.93604,-31.927704,-19.347605,35.6671,-3.205951,-7.3185806,-0.41206902,11.125413,-7.4448876,-27.60665,-20.86031
48,610801,data/collections/barnyard/sounds/610801_4037248-hq.ogg,3840,17024,48.0,0.0074375420686001,-914.3986,151.73264,46.386517,4.7352185,7.12408,15.89915,11.900592,12.98302,2.3802788,-5.003779,-12.452224,-8.499606,-1.4435772
49,610801,data/collections/barnyard/sounds/610801_4037248-hq.ogg,17280,30208,54.0,0.0269916715061959,-831.1961,193.89673,32.34218,-13.232024,8.566579,30.734365,10.404838,-5.1780605,2.2372699,-15.294754,-26.629158,-15.991677,-6.407783
50,610801,data/collections/barnyard/sounds/610801_4037248-hq.ogg,30464,48128,50.0,0.0198882354409316,-823.6365,171.4531,39.787945,-6.8246264,13.407612,25.46296,10.527382,-0.5084558,-4.116729,-11.539769,-20.874716,-18.400217,-0.3637645
51,401636,data/collections/barnyard/sounds/401636_1643758-hq.ogg,896,5760,58.0,2.760861981703266e-05,-1220.1843,44.14508,13.577476,2.1254754,2.5700817,4.20613,7.3925686,7.8260126,3.016326,-0.7869959,-0.31947657,1.4468288,3.6643486
52,401636,data/collections/barnyard/sounds/401636_1643758-hq.ogg,10112,33664,53.0,0.0012984198247713,-1009.37244,180.86148,30.604002,16.471132,5.2824206,3.8903267,0.29406878,7.1666927,-4.256971,-10.142355,-4.436858,-7.92695,-11.616108
53,401636,data/collections/barnyard/sounds/401636_1643758-hq.ogg,59904,65920,55.0,0.0093488538641649,-875.6162,243.04182,-6.8126144,-20.020222,-12.576431,16.508127,0.11943965,15.333026,0.5048882,-25.448278,-29.476624,-19.96377,2.2695923
54,401636,data/collections/barnyard/sounds/401636_1643758-hq.ogg,90880,101504,67.0,0.0014396965778665,-1032.4406,171.16727,18.65888,-7.383808,-3.9887633,4.6853733,0.1098638,2.2365754,-4.1602273,-11.094565,-5.4254584,0.36037758,3.7848582
55,401636,data/collections/barnyard/sounds/401636_1643758-hq.ogg,126592,139776,54.0,0.0160894171311982,-882.4934,237.96198,-13.699416,-12.303841,-12.588352,-10.281974,-25.995993,-19.172132,-19.996216,-25.430214,-13.46508,-14.022057,-9.556263
56,401636,data/collections/barnyard/sounds/401636_1643758-hq.ogg,140032,155520,55.0,0.0206707875821063,-871.0919,235.64523,-22.286978,-18.420576,-3.5654497,-8.936917,-36.836216,-17.97574,-19.289764,-29.113155,-11.255369,-12.129548,-10.962829
57,401636,data/collections/barnyard/sounds/401636_1643758-hq.ogg,155776,181760,59.0,0.0023854035982402,-1021.54987,159.38081,3.3181643,-8.78691,5.916269,6.5174236,1.7273577,5.15696,0.18798815,-9.542881,-9.545762,-4.4531093,-2.1296272
58,401636,data/collections/barnyard/sounds/401636_1643758-hq.ogg,186240,192128,54.0,0.0002221531731951,-1061.4613,132.90198,10.558294,2.4233851,0.81744117,2.5262315,-2.8601594,4.1921415,7.5764146,-1.350943,-0.7259671,0.9159357,-3.4957607
59,401636,data/collections/barnyard/sounds/401636_1643758-hq.ogg,200064,211072,58.0,0.000274038124414,-1028.6984,136.03667,4.826974,-1.5974611,-0.6960677,2.7234082,-0.508834,7.599678,-5.7238054,6.4019065,4.502509,-2.5107923,7.5392685
60,401636,data/collections/barnyard/sounds/401636_1643758-hq.ogg,213376,222976,51.0,0.000273891141354,-1030.2766,124.6432,19.042183,-11.668065,5.477366,3.122254,-0.891887,13.23162,-4.107199,-3.0183325,-3.8317304,-0.5696471,4.892416
61,401636,data/collections/barnyard/sounds/401636_1643758-hq.ogg,230144,237568,50.0,8.200272604143929e-06,-1244.8275,23.551273,12.736244,3.492363,0.25825948,1.6026195,3.3838742,3.1747887,1.374922,-0.6332683,-2.1056614,-2.8526235,-2.6428535
62,707961,data/collections/barnyard/sounds/707961_15362740-hq.ogg,23040,36224,50.0,0.0127211310052797,-734.5146,139.88655,-73.53836,30.623037,-6.1057053,-5.556282,-13.343204,-12.468887,-51.34087,10.123878,-9.958333,1.9681967,-3.416672
63,707961,data/collections/barnyard/sounds/707961_15362740-hq.ogg,36480,49408,52.0,0.0211661964262069,-698.06805,158.71138,-79.52514,0.30481336,-13.387569,-18.758577,-24.844704,-8.865383,-28.074974,4.5508194,-9.754104,-6.7525086,-4.548632
64,707961,data/collections/barnyard/sounds/707961_15362740-hq.ogg,49664,62592,54.0,0.0327998695539012,-687.23065,160.50948,-89.44608,-14.412575,-19.188234,-26.11371,-26.768377,-0.12630033,-30.692574,8.9246,-16.932808,0.33066937,-1.0212653
65,707961,data/collections/barnyard/sounds/707961_15362740-hq.ogg,62848,91008,54.0,0.0342259819066067,-682.03754,150.29016,-91.72216,-10.926524,-10.412263,-24.700045,-28.271107,-1.014301,-35.705322,14.131518,-3.1889558,-3.1062045,1.8988595
66,233132,data/collections/barnyard/sounds/233132_4056007-hq.ogg,0,6400,85.0,0.0008437206157964,-929.14496,101.938576,-51.812424,-13.508882,-13.830804,-26.329508,19.100582,16.193357,-16.628345,-0.8177622,9.080036,-17.820158,-7.764345
67,233132,data/collections/barnyard/sounds/233132_4056007-hq.ogg,9600,29056,80.0,0.0005603377698055,-953.46344,106.616585,-39.986694,-20.348059,-18.647936,-14.128968,22.155792,3.569831,-15.25075,6.924216,-5.734362,-15.8011675,2.7980013
68,233132,data/collections/barnyard/sounds/233132_4056007-hq.ogg,30336,48640,67.0,0.0021189738381448,-912.11053,101.89264,-76.81454,-29.664787,7.723353,6.0372734,-14.300891,11.366778,5.865403,-8.313011,-0.13974078,-7.7091208,-4.259332
69,233132,data/collections/barnyard/sounds/233132_4056007-hq.ogg,50048,60544,72.0,0.0013668776373754,-922.4248,104.277504,-70.63702,-35.036674,5.1059885,7.4706526,-8.624171,3.6838195,-0.3695828,-7.5351744,5.922081,-6.872635,-9.783699
70,233132,data/collections/barnyard/sounds/233132_4056007-hq.ogg,66688,79872,72.0,0.001599147696359,-905.7388,100.90872,-82.899605,-26.823305,2.8418057,6.5108294,-15.549798,0.37256086,6.3118396,-12.786721,-4.8634667,-2.8624983,-8.859368
71,233132,data/collections/barnyard/sounds/233132_4056007-hq.ogg,80128,93056,72.0,0.0013238186284547,-913.79266,106.19891,-69.94271,-32.918354,5.849174,10.593116,-11.837071,6.9111753,1.3949671,-7.780976,8.713685,-6.5874257,-12.463534
72,233132,data/collections/barnyard/sounds/233132_4056007-hq.ogg,93312,106880,72.0,0.0005396121423102,-950.0325,107.678604,-39.55319,-36.339058,-5.6742535,1.1238277,-4.172668,0.24721974,4.7622366,-4.4059253,-5.951815,-0.6854528,-5.4441047
73,233132,data/collections/barnyard/sounds/233132_4056007-hq.ogg,108544,118656,71.0,0.0004553861821422,-966.218,112.35116,-27.67259,-32.33555,-15.624089,-0.58528996,11.746037,-1.8414207,-3.611844,4.994593,-8.784193,1.4712218,4.5005207
74,233132,data/collections/barnyard/sounds/233132_4056007-hq.ogg,120832,132096,61.0,0.0004895435771468,-952.98126,99.818825,-29.46968,-34.118145,-16.371115,-0.025882047,5.917775,0.082736805,-2.3625572,-4.6848097,-7.1912103,-3.2839775,0.78730184
75,233132,data/collections/barnyard/sounds/233132_4056007-hq.ogg,134400,142336,62.0,0.0004689427969286,-964.7292,111.74215,-19.331491,-34.89372,-17.755253,-3.6032186,6.1526923,0.48679444,2.97306,3.221763,-11.520018,-3.3413227,2.7696078
76,233132,data/collections/barnyard/sounds/233132_4056007-hq.ogg,149248,162432,68.0,0.0010998243254818,-927.53265,106.45042,-71.34849,-43.39179,9.996114,2.379693,-3.0404427,11.532647,-8.48889,-9.034308,2.8940325,2.2753656,-8.562556
77,233132,data/collections/barnyard/sounds/233132_4056007-hq.ogg,162688,175616,70.0,0.0008745341660485,-935.5555,109.32449,-59.37274,-41.463406,6.8795667,0.03072985,-3.0478504,6.3354964,-5.192609,-7.823723,2.232291,-2.6792994,-11.299628
78,233132,data/collections/barnyard/sounds/233132_4056007-hq.ogg,175872,201728,66.0,0.0008347814339181,-946.5856,111.93314,-61.254463,-41.674736,2.2605383,-2.5850391,2.1440327,4.591493,-4.8011274,-9.88126,-3.898943,0.89070094,-5.2076664
79,233132,data/collections/barnyard/sounds/233132_4056007-hq.ogg,203392,208896,56.0,0.000519469631269,-964.6666,120.31712,-40.715824,-38.05111,-7.521562,-7.3249054,4.3594933,6.7253313,-0.23456001,-5.855776,-2.9374845,-1.5482264,-1.5767009
80,233132,data/collections/barnyard/sounds/233132_4056007-hq.ogg,210176,224128,61.0,0.0004731239422057,-968.98474,117.7393,-33.920017,-34.80571,-11.170969,0.248288,6.8163157,3.748435,0.13739899,-4.676945,-5.0365605,-3.8134394,-4.337021
81,233132,data/collections/barnyard/sounds/233132_4056007-hq.ogg,229120,234880,66.0,0.0018196767946074,-914.9666,119.90015,-88.49972,-40.33815,25.291758,8.823878,-9.508426,-3.0484812,0.18097058,-4.299372,-1.9333704,-10.862363,-13.797948
82,233132,data/collections/barnyard/sounds/233132_4056007-hq.ogg,238464,253312,66.0,0.0012299694673263,-932.0278,118.44718,-64.39552,-37.222595,10.104863,3.1527581,-2.84465,-0.7813714,-1.7566544,-0.34565875,3.8352513,-4.8619742,-8.777801
83,233132,data/collections/barnyard/sounds/233132_4056007-hq.ogg,257536,270720,66.0,0.000449547347821,-963.8671,106.590355,-35.637558,-30.354986,-17.314482,2.318517,8.1448965,-0.6592414,-3.1877155,-5.3935313,-2.9735777,-3.660846,-5.2224703
84,233132,data/collections/barnyard/sounds/233132_4056007-hq.ogg,270976,283904,71.0,0.000488678452963,-971.36676,118.256004,-30.646276,-39.004128,-18.184038,1.0582176,7.565655,0.44410118,-0.8103783,-1.3798808,-5.6617885,-1.828895,0.5917758
85,233132,data/collections/barnyard/sounds/233132_4056007-hq.ogg,284160,297088,63.0,0.0004623375421239,-969.1756,110.99109,-24.174685,-40.134373,-14.249928,3.220352,5.918684,3.518266,-2.3592052,-3.9597683,-7.6532993,-5.8465157,-4.4408903
86,233132,data/collections/barnyard/sounds/233132_4056007-hq.ogg,297344,310272,73.0,0.0005067207601437,-951.35187,102.45798,-32.74585,-27.215288,-20.6045,-7.097805,10.844334,2.153491,-3.987499,-0.9182641,-2.7861445,-7.982479,-5.2843604
87,233132,data/collections/barnyard/sounds/233132_4056007-hq.ogg,310528,323456,67.0,0.000458058649971,-959.07623,104.097755,-36.016098,-28.186935,-12.992366,-1.8391517,11.504723,4.1254272,-7.8028736,-0.3302202,-2.5900886,-10.421163,-4.870865
88,233132,data/collections/barnyard/sounds/233132_4056007-hq.ogg,323712,343680,68.0,0.0004254428765306,-970.3197,105.32705,-26.71436,-44.53492,-13.020836,-2.823144,4.4081,-0.52751017,-3.0988972,-0.6861849,-6.018579,-1.7781057,-4.176793
89,233132,data/collections/barnyard/sounds/233132_4056007-hq.ogg,345728,365824,62.0,0.0004785005083325,-960.10425,108.516884,-35.44068,-32.97537,-14.342812,-7.4225707,10.696064,3.7879462,-8.256589,-2.172037,-0.6889074,-6.118942,-3.4681842
90,233132,data/collections/barnyard/sounds/233132_4056007-hq.ogg,367744,374912,65.0,0.0004879292651571,-958.7431,106.97561,-33.717808,-31.471712,-13.884814,-8.113755,13.054589,0.3241258,-14.1494875,-2.0379555,-6.949611,-12.468659,-1.3868566
91,233132,data/collections/barnyard/sounds/233132_4056007-hq.ogg,376320,384384,69.0,0.000480196934445,-955.3668,112.47565,-24.122263,-28.822176,-7.874912,4.4555564,12.285741,5.1383767,-0.82678396,0.17228249,-3.7860372,-4.958925,1.2849833
92,700380,data/collections/barnyard/sounds/700380_13818935-hq.ogg,19200,32128,46.0,0.0188659992148929,-740.76276,118.218925,-44.49794,44.31694,31.442514,-16.793503,-7.3167567,-32.88826,-23.669533,-16.218924,3.9018457,-3.8697612,-2.8396752
93,700380,data/collections/barnyard/sounds/700380_13818935-hq.ogg,46080,69120,53.0,0.1634558423089976,-562.31793,137.80508,-113.6516,-3.6370804,-14.684663,-27.249529,-24.215906,-44.609695,-23.270788,-40.661556,-25.527885,-27.795195,-19.28585
94,233146,data/collections/barnyard/sounds/233146_4056007-hq.ogg,22912,27264,62.0,0.0030201788003234,-803.37976,89.22587,-11.10787,24.560593,-50.333122,-26.350012,-29.963625,-8.997332,-6.000354,3.0049596,-17.34859,-7.962114,-4.5217137
95,233146,data/collections/barnyard/sounds/233146_4056007-hq.ogg,33024,73728,67.0,0.0131435969800124,-713.6265,117.12481,-69.21914,29.80085,-25.96861,-34.785686,-25.7349,-10.074354,4.2030706,-6.501168,-14.1474,-7.776615,-1.3400993
96,242492,data/collections/barnyard/sounds/242492_1648170-hq.ogg,56832,70016,63.0,0.0673194272402068,-709.81976,243.06842,-10.138867,-34.43051,-7.0232177,27.29735,-11.686173,-23.54104,-34.11827,-10.268844,10.713681,-2.8867261,0.19638747
97,242492,data/collections/barnyard/sounds/242492_1648170-hq.ogg,70272,101248,62.0,0.0442755762446822,-725.0209,224.36838,-3.8920043,-30.02726,-17.625286,35.297813,-9.569212,-24.281506,-30.108702,-4.8389683,11.276184,-9.209702,4.7104964
98,242492,data/collections/barnyard/sounds/242492_1648170-hq.ogg,104832,118016,54.0,0.1217467337642688,-669.60785,238.09607,-6.6883073,-36.433384,-9.969284,18.74873,-21.160208,-18.871115,-39.316196,-4.7508454,10.334268,-17.98689,-1.715249
99,242492,data/collections/barnyard/sounds/242492_1648170-hq.ogg,118272,132992,44.0,0.1090863500111183,-670.8909,249.86661,-14.907331,-38.252472,-12.260633,6.809971,-26.271849,-25.202236,-32.53249,-2.4792943,18.785412,-17.61526,-9.766368
100,242492,data/collections/barnyard/sounds/242492_1648170-hq.ogg,133248,160384,45.0,0.1107238706327113,-648.57214,234.4748,-29.509892,-30.996254,-16.579079,9.690647,-19.35826,-30.022585,-33.70203,-8.779694,18.551144,-18.758198,-8.459011
101,517641,data/collections/barnyard/sounds/517641_8031303-hq.ogg,23808,41984,74.0,0.0303422879705929,-658.7762,28.245518,-96.17051,-4.980785,-31.629988,-31.657122,-36.20826,-25.635668,-13.729808,19.62134,8.699243,15.751485,-5.20239
102,517641,data/collections/barnyard/sounds/517641_8031303-hq.ogg,42240,83456,75.0,0.1091460067286909,-544.3739,48.829567,-102.68768,-18.460636,-17.143612,-21.177603,-29.91005,-25.546196,-12.562655,20.166721,-16.097069,4.381975,-0.6157934
103,517641,data/collections/barnyard/sounds/517641_8031303-hq.ogg,170880,218496,63.0,0.0912685857165241,-561.4528,46.443546,-100.61773,-23.353456,-17.255606,-16.734112,-26.091608,-26.984142,-9.039186,16.36567,-13.882551,3.4578602,-2.3826864
104,517641,data/collections/barnyard/sounds/517641_8031303-hq.ogg,291072,308864,63.0,0.1480367552665891,-537.9918,59.07201,-109.002266,-15.072725,-5.009479,-43.578075,-31.190197,-22.265583,8.8946,9.848301,-6.120767,-1.6413603,-5.907538
105,517641,data/collections/barnyard/sounds/517641_8031303-hq.ogg,309120,325632,63.0,0.0983652882772202,-552.08954,46.828403,-88.02543,-36.906822,-3.0775993,-4.177359,-34.01805,-12.570645,-11.479729,17.701061,-22.203737,11.506935,-1.0107334
106,517641,data/collections/barnyard/sounds/517641_8031303-hq.ogg,325888,340480,62.0,0.0728726243833751,-573.6436,64.94485,-98.56505,-21.720938,-29.481339,23.340872,-23.828798,-15.347795,-19.409052,-4.8557143,0.38544518,-16.473257,1.060592
107,445572,data/collections/barnyard/sounds/445572_8283076-hq.ogg,38912,52096,49.0,0.0032635072970399,-910.36664,145.877,3.5893147,22.611298,25.088295,11.861462,15.083619,27.626745,4.1735086,3.470744,-3.7435875,5.4545746,-0.8407001
108,445572,data/collections/barnyard/sounds/445572_8283076-hq.ogg,52352,65280,52.0,0.0156186602978461,-790.8157,198.22472,-39.253475,0.57539564,-0.124235,8.726935,-4.9391284,9.113013,-30.090384,-16.645416,-1.5178784,-2.0945704,-11.147609
109,445572,data/collections/barnyard/sounds/445572_8283076-hq.ogg,65536,89856,50.0,0.0064106999771188,-843.814,163.27623,-27.237698,2.8242028,4.6412597,11.826846,1.4908923,15.583185,-9.895449,-5.007069,1.3267549,-4.1912637,-5.65025
110,445572,data/collections/barnyard/sounds/445572_8283076-hq.ogg,139008,152192,47.0,0.0026226003138925,-871.4651,147.4472,-24.475908,17.610018,5.856251,9.898944,3.4599469,28.023035,6.3239465,-7.99414,-12.080907,8.924085,4.1287203
111,445572,data/collections/barnyard/sounds/445572_8283076-hq.ogg,152448,165376,51.0,0.0066033781137461,-826.8994,196.04082,-45.374603,1.0345439,7.083006,11.92867,3.9178574,9.829661,-23.433706,-13.07076,-11.989039,-2.2737372,-9.880823
112,445572,data/collections/barnyard/sounds/445572_8283076-hq.ogg,165632,178560,52.0,0.0102537215488434,-793.7859,170.83821,-59.330463,-9.667888,-5.496992,12.672971,-8.0937195,18.749237,-29.592201,-11.780102,-4.86896,-6.682055,-3.3142736
113,445572,data/collections/barnyard/sounds/445572_8283076-hq.ogg,178816,218240,52.0,0.0128471688229284,-808.5349,177.3774,-45.601463,8.687818,-7.3360457,-0.43026885,-12.800921,14.039146,-15.816923,-13.828789,-7.7026405,3.0574896,-2.390937
114,558709,data/collections/barnyard/sounds/558709_10403565-hq.ogg,42368,49408,75.0,0.0534015684019223,-942.7351,289.66385,29.554964,-54.53593,14.047601,88.06665,38.286465,-28.411034,13.105628,47.58521,35.512665,19.17856,-6.8119717
115,58277,data/collections/barnyard/sounds/58277_634166-hq.ogg,35072,48256,52.0,0.0681587688122135,-778.0191,230.49242,-25.676544,-39.275723,-18.669195,-11.608127,-5.3939342,-3.6394756,-2.329429,-28.971193,-35.94382,-10.578122,-3.1730204
116,58277,data/collections/barnyard/sounds/58277_634166-hq.ogg,48512,61696,54.0,0.0781258200112884,-690.89746,218.30261,-33.332607,-65.29126,-14.696818,-16.212729,-26.062761,-12.795188,-7.9319024,-27.375551,-40.80726,-9.428842,-5.2955985
117,58277,data/collections/barnyard/sounds/58277_634166-hq.ogg,61952,102656,54.0,0.0846995380739391,-694.6941,225.39117,-37.325397,-66.33739,-6.3475866,-20.354513,-14.642794,-14.157569,-0.0316722,-33.25946,-42.251617,-14.131546,2.4710987
118,58277,data/collections/barnyard/sounds/58277_634166-hq.ogg,102912,140800,53.0,0.0879455471918938,-690.8314,231.34532,-39.71826,-68.214836,-18.278193,-23.954678,-6.2527604,-16.12318,-4.2150555,-19.408297,-22.428104,-8.175159,0.3701672
119,777570,data/collections/barnyard/sounds/777570_15627700-hq.ogg,120064,130432,50.0,8.47169040257959e-06,-1246.7562,24.607784,21.731712,17.880228,14.024519,10.888445,8.731921,7.389319,6.490632,5.71461,4.9305825,4.183104,3.575066
120,233143,data/collections/barnyard/sounds/233143_4056007-hq.ogg,0,18816,73.0,0.0011637495337123,-873.5896,68.431725,-23.465754,-3.8053496,-24.822912,5.4317145,-1.363441,-0.76851255,-7.8329296,-9.0571995,-5.524855,-5.2156773,-10.437929
121,233143,data/collections/barnyard/sounds/233143_4056007-hq.ogg,20608,30464,75.0,0.0007189681641071,-911.4071,84.92184,-34.80135,-18.817537,-25.686989,7.039041,3.3409064,2.3199885,-6.128789,-6.426207,-2.0463812,-3.9359317,-7.3292127
122,233143,data/collections/barnyard/sounds/233143_4056007-hq.ogg,33280,38912,66.0,0.0052512181825692,-738.79315,91.4762,-6.8111496,4.7845016,-22.4676,-16.714512,-5.431021,-9.11565,-13.705081,-8.155347,-13.1638775,-4.4070687,-11.443687
123,233143,data/collections/barnyard/sounds/233143_4056007-hq.ogg,42112,49408,70.0,0.0006318958886295,-945.1529,101.58214,-40.193333,-31.021059,-25.865509,17.278948,3.970377,-1.5144513,2.9612992,-7.84943,-1.6169584,0.05354629,-10.410783
124,233143,data/collections/barnyard/sounds/233143_4056007-hq.ogg,55808,60928,65.0,0.0008000841319394,-907.29285,100.52608,-44.682526,-14.114407,-26.591557,3.953824,7.304414,-6.6027956,-4.4658136,-2.243059,-6.4259424,0.105481505,-0.71117175
125,233143,data/collections/barnyard/sounds/233143_4056007-hq.ogg,67456,89600,71.0,0.0038662894255853,-852.204,108.96234,-28.479109,-19.593124,-20.919977,-1.58431,-0.8107545,-2.819728,-5.827468,-2.711429,-4.0071697,-3.2402685,-7.4234023
126,233143,data/collections/barnyard/sounds/233143_4056007-hq.ogg,91392,115584,71.0,0.0081919014167296,-781.75006,103.966995,-26.497938,-16.98266,-22.733166,-9.580864,-3.0716338,-3.8962846,-7.6263423,-4.8628645,-6.9214997,-3.4399025,-9.562745
127,233143,data/collections/barnyard/sounds/233143_4056007-hq.ogg,116224,128512,66.0,0.0006785019874287,-929.4822,107.37043,-40.3394,-27.080341,-17.120104,8.252369,-0.71638215,1.1347264,-6.749619,-0.18410288,-5.739323,-5.211308,-6.162825
128,57791,data/collections/barnyard/sounds/57791_18799-hq.ogg,0,12928,51.0,0.0001744869228161,-1084.9572,102.49542,44.385025,17.932465,28.366995,5.871364,7.952423,4.1499996,-1.5717725,1.2034588,-8.618622,3.900799,-5.9938655
129,57791,data/collections/barnyard/sounds/57791_18799-hq.ogg,13312,20608,52.0,0.000139568005109,-1094.9459,96.69759,41.98566,17.669552,26.558493,4.5284667,6.634507,1.8026745,-1.100266,0.14825372,-7.229464,6.532172,-7.9572453
130,57791,data/collections/barnyard/sounds/57791_18799-hq.ogg,23552,33792,51.0,0.000163766399586,-1086.38,96.46952,41.54556,19.177032,27.628263,8.059741,9.098093,3.8434858,0.035549957,2.450784,-10.5762205,1.2551337,-10.756614
131,57791,data/collections/barnyard/sounds/57791_18799-hq.ogg,62720,75904,54.0,0.0690063488973502,-780.9155,247.75758,-3.7323763,-27.105871,-14.607921,-5.5862308,-8.898044,-23.693491,-16.10346,-19.367897,-27.984007,-9.497746,-35.65012
132,57791,data/collections/barnyard/sounds/57791_18799-hq.ogg,76160,99072,54.0,0.054373222783966,-774.2742,242.23529,-3.443981,-24.246468,-15.659707,-14.351428,-4.160227,-13.419574,-27.91554,-19.703585,-21.85553,-12.781878,-25.778332
133,57791,data/collections/barnyard/sounds/57791_18799-hq.ogg,115328,123008,63.0,0.0108409068012638,-902.1796,218.57285,2.2617583,-67.54038,-34.73197,-12.384542,18.369083,3.938584,-24.601759,-21.682018,-28.351732,-36.09922,-21.186392
134,57791,data/collections/barnyard/sounds/57791_18799-hq.ogg,130560,138880,50.0,0.0024819387259594,-961.3887,180.54614,25.404293,-25.7623,-19.49035,-20.107325,9.457156,4.1945972,-5.0889983,4.380386,-28.130474,-31.910688,-22.975672
135,57791,data/collections/barnyard/sounds/57791_18799-hq.ogg,142080,155264,50.0,0.0006727769472578,-1016.3327,147.35812,31.520332,-0.41511467,13.140901,-3.075145,4.4071994,0.50744104,-0.8412047,1.9719037,-25.021616,-16.689896,-19.918566
136,57791,data/collections/barnyard/sounds/57791_18799-hq.ogg,155520,169088,50.0,0.0001707244404962,-1089.3323,96.05806,36.959084,16.562527,28.325502,3.7840858,8.672362,11.647767,3.9078321,0.40569907,-12.717391,-1.0935407,-11.896183
137,57791,data/collections/barnyard/sounds/57791_18799-hq.ogg,169344,191168,50.0,0.0001977534194602,-1093.2736,94.4502,41.69938,23.216581,34.644096,10.534985,10.816936,5.80226,0.6760554,1.1184535,-11.3325205,0.36979425,-11.002613
138,77241,data/collections/barnyard/sounds/77241_321967-hq.ogg,36736,49920,46.0,0.1174706143198772,-656.3394,225.96239,-39.21616,0.94024736,20.14252,11.751416,5.113192,9.907855,-0.20329754,-18.549738,-28.835516,-30.721054,-23.490171
139,77241,data/collections/barnyard/sounds/77241_321967-hq.ogg,50176,64000,49.0,0.1955737528173863,-599.0613,243.25757,-52.311558,-12.0462885,2.7804675,8.365821,3.3735454,4.899222,-5.3695645,-4.8280873,-22.609562,-21.692636,-23.37347
140,77241,data/collections/barnyard/sounds/77241_321967-hq.ogg,64256,77184,50.0,0.2030399786451683,-588.6943,243.35228,-56.077595,-9.576531,-9.9799385,5.974378,4.007931,-3.7868125,-14.366466,-2.5848968,-20.184347,-15.224773,-19.448576
141,77241,data/collections/barnyard/sounds/77241_321967-hq.ogg,77440,90368,51.0,0.2048897198912591,-588.17596,249.11737,-48.318726,-27.25054,-9.4598055,2.6634598,1.3574758,-0.5787823,-11.366631,-4.424948,-21.203997,-9.219724,-1.1035272
142,77241,data/collections/barnyard/sounds/77241_321967-hq.ogg,90624,157952,51.0,0.203630645314704,-579.02734,232.6676,-32.55347,-30.945005,-8.3303,-0.11859649,-0.27898604,-9.474794,-9.111152,-6.807044,-15.623233,-8.695175,-0.46352386
143,233130,data/collections/barnyard/sounds/233130_4056007-hq.ogg,0,6400,59.0,0.0005779046482126,-1027.5851,162.02821,-5.886129,-2.8600101,-13.004349,-13.631431,-10.17562,-14.934536,-17.4863,-20.687483,-14.546295,-12.27095,-15.541652
144,233130,data/collections/barnyard/sounds/233130_4056007-hq.ogg,10624,19840,61.0,0.0006701689344249,-1020.90063,173.86768,-12.065068,-15.601481,-17.552372,-20.954603,-24.469564,-25.307915,-3.944238,-4.8438325,-8.764394,-1.0076325,-0.5489989
145,233130,data/collections/barnyard/sounds/233130_4056007-hq.ogg,20992,34176,64.0,0.0013553703453304,-992.9116,162.01448,-16.845076,11.401462,-28.226511,-36.401737,-21.888596,-19.660595,-25.25448,-22.175028,-1.9771212,-10.299196,-4.139586
146,233130,data/collections/barnyard/sounds/233130_4056007-hq.ogg,34432,51712,61.0,0.0441409202163342,-637.6731,148.26456,-53.400364,37.463825,-44.752373,-26.073944,-31.715641,-4.744692,-2.3677905,-6.663858,-8.589216,-9.3194,-0.035242364
147,233130,data/collections/barnyard/sounds/233130_4056007-hq.ogg,56960,70144,58.0,0.1915268340133371,-500.603,112.88468,-73.41069,5.2726426,-15.29781,-11.066735,-26.376009,-4.9599195,-3.8319132,-18.062092,-13.254222,-17.866465,-14.545376
148,233130,data/collections/barnyard/sounds/233130_4056007-hq.ogg,70400,87552,62.0,0.2622598545201391,-481.7808,96.56179,-70.792816,-13.339065,-19.272911,-15.761973,-29.298676,-21.038895,-22.180357,-23.400555,-11.898647,-16.10971,-11.712297
149,233130,data/collections/barnyard/sounds/233130_4056007-hq.ogg,107264,116096,66.0,0.0864387730709019,-755.2878,197.0275,-97.21199,-24.389105,-16.663763,-15.875633,-24.908356,-24.441292,-21.630417,-14.919702,-7.5762744,-4.475212,-13.503852
150,233130,data/collections/barnyard/sounds/233130_4056007-hq.ogg,125568,131968,61.0,0.0009274138867585,-1027.8186,177.50746,-10.585866,-23.90906,-19.142263,-28.47461,-28.932173,-30.652405,-26.326027,-23.402178,-15.48236,-12.290398,-15.565735
151,233130,data/collections/barnyard/sounds/233130_4056007-hq.ogg,132608,145500,59.0,0.0003733970675005,-1040.2137,154.028,-9.094543,-11.218085,-25.799582,-20.900145,-12.981838,-19.12877,-12.341567,-15.951203,-14.225242,-7.451648,-11.15421
152,513564,data/collections/barnyard/sounds/513564_2898771-hq.ogg,13056,30592,69.0,0.0014668143996648,-957.7577,157.56113,-6.241231,-6.4752254,-2.1437724,12.861913,22.413496,10.639224,7.0093503,5.760022,10.353536,15.288948,14.661542
153,513564,data/collections/barnyard/sounds/513564_2898771-hq.ogg,47488,56704,50.0,0.0009537111449055,-997.09595,159.49515,6.3188944,1.8424658,2.0055194,17.71795,20.461529,10.896994,8.334368,6.697384,5.6199493,12.94069,8.846054
154,513564,data/collections/barnyard/sounds/513564_2898771-hq.ogg,64384,72320,50.0,0.0013353811867916,-975.33734,137.40671,11.454687,-7.37252,11.691312,31.61637,17.36271,25.978125,-14.827813,23.207111,-7.8167853,20.029455,9.690649
155,513564,data/collections/barnyard/sounds/513564_2898771-hq.ogg,74496,81920,62.0,0.0008168741666833,-983.82965,136.70146,4.9231825,-6.252919,4.5379577,14.9522,13.36827,16.986258,-0.81839806,13.130167,-7.268929,15.265924,5.9324813
156,513564,data/collections/barnyard/sounds/513564_2898771-hq.ogg,97152,102272,63.0,0.0005665200108712,-962.7259,114.6126,-8.454158,8.017038,-12.619479,37.21488,6.392588,14.814429,7.0828466,-8.554794,13.419334,-3.158186,17.756563
157,513564,data/collections/barnyard/sounds/513564_2898771-hq.ogg,103424,110976,56.0,0.0007748187598366,-949.591,124.873146,-16.684763,16.531013,-7.91657,32.812225,20.494797,1.0642365,16.80924,-9.006518,-4.0897207,11.386598,1.9532106
158,513564,data/collections/barnyard/sounds/513564_2898771-hq.ogg,115456,128640,50.0,0.0021948323658561,-924.9725,159.84456,-26.61228,-1.8273348,5.527182,24.999514,28.805162,-5.0178084,8.135227,1.983199,-10.066609,17.175314,13.513598
159,513564,data/collections/barnyard/sounds/513564_2898771-hq.ogg,128896,141824,54.0,0.0037321803536007,-870.3857,166.87926,-38.914265,-10.377967,23.795076,19.2602,18.016806,-5.1777954,0.84377146,-3.811118,-5.9248924,26.998117,5.922174
160,513564,data/collections/barnyard/sounds/513564_2898771-hq.ogg,142080,156672,55.0,0.0057417558102901,-863.7653,191.15959,-41.22916,-2.5995672,23.33694,20.711147,9.706109,0.34709904,-12.001486,-12.566438,9.2785845,15.887021,1.4424447
161,513564,data/collections/barnyard/sounds/513564_2898771-hq.ogg,156928,189184,56.0,0.0055593660287055,-852.39136,185.06375,-32.142807,-12.723227,19.014431,25.073563,4.244959,-5.7463784,-12.26709,-8.424738,-7.625629,4.5093493,-5.3566146
162,513564,data/collections/barnyard/sounds/513564_2898771-hq.ogg,192128,196864,52.0,0.0014496802315179,-944.02625,154.04036,-6.913995,3.7616367,9.566273,18.848715,3.3702817,9.837414,8.515844,4.7353096,-9.10817,16.992481,9.413916
163,513564,data/collections/barnyard/sounds/513564_2898771-hq.ogg,219904,229504,46.0,0.0016992669247417,-995.17535,114.99219,5.2142425,37.850735,-9.543011,37.257088,13.62429,10.774459,35.009674,1.9564939,10.046175,14.220987,8.476719
164,513564,data/collections/barnyard/sounds/513564_2898771-hq.ogg,237824,245248,45.0,0.0010271044311155,-1003.7033,130.8449,2.735174,22.952642,6.976496,18.43219,16.997915,10.777001,23.611246,11.821872,-4.3777714,18.481916,9.955562
165,513564,data/collections/barnyard/sounds/513564_2898771-hq.ogg,258304,270336,49.0,0.000867819912923,-1023.0002,141.06178,5.0837517,15.959438,3.9386435,11.452331,22.745146,14.569823,4.9914947,10.154441,12.748669,5.6051764,0.04117775
166,513564,data/collections/barnyard/sounds/513564_2898771-hq.ogg,281472,285952,63.0,0.000710045570844,-1021.21655,133.5537,9.358062,-7.900749,-2.1640742,14.35113,14.291132,18.986753,-0.84992623,14.610438,3.6180768,20.001621,11.869217
167,513564,data/collections/barnyard/sounds/513564_2898771-hq.ogg,314112,321152,45.0,0.0015083628702704,-988.70844,154.60231,8.585314,2.8778055,-0.07070428,17.402687,22.976059,20.144077,9.84594,8.125735,12.886192,16.553259,11.165872
168,513564,data/collections/barnyard/sounds/513564_2898771-hq.ogg,321664,326016,61.0,0.0012215079464097,-985.60803,153.78967,-1.4407053,4.1640534,-2.6257293,8.371483,14.058302,16.040749,7.0335603,11.039917,15.06111,10.0787525,9.989111
169,642555,data/collections/barnyard/sounds/642555_9573665-hq.ogg,42240,47616,59.0,0.0020525160872239,-926.693,135.42522,35.894096,-2.8313007,-3.280098,9.544667,11.49127,8.3506,-1.0439966,-4.366896,-0.34345865,9.25134,9.449925
170,322449,data/collections/barnyard/sounds/322449_5033007-hq.ogg,0,12416,56.0,0.0004635702427994,-1033.8817,116.176125,30.56772,-6.4887404,-4.5609593,10.422493,11.714473,8.476751,-2.7026136,-6.972673,1.8610383,11.838352,12.780164
171,322449,data/collections/barnyard/sounds/322449_5033007-hq.ogg,73600,79104,60.0,8.976600488832002e-05,-1172.8727,62.84733,43.29518,32.266884,24.541029,11.872877,6.0397334,-0.5108905,-7.948709,-2.212762,0.43979034,2.3626268,3.562123
172,655262,data/collections/barnyard/sounds/655262_13726802-hq.ogg,21760,35072,68.0,0.0030558039731553,-854.96344,74.01268,-106.01484,-25.317963,-0.57501185,-13.809718,-14.12555,-11.358936,-19.218372,18.183638,-4.1737213,-9.133056,-4.477447
173,655262,data/collections/barnyard/sounds/655262_13726802-hq.ogg,35328,48256,67.0,0.0042333157812771,-820.2441,85.43903,-96.22463,-10.027132,-0.34047452,-13.1592455,-22.194221,-12.64265,-18.248741,14.102937,-7.592218,-24.288382,-15.119401
174,655262,data/collections/barnyard/sounds/655262_13726802-hq.ogg,48512,62336,67.0,0.003756154263436,-826.213,93.8705,-83.97962,-8.600322,-1.0234984,-8.034686,-19.714699,-6.865417,-21.825449,15.367585,-3.0523632,-26.147984,-12.821354
175,321697,data/collections/barnyard/sounds/321697_3554699-hq.ogg,49024,74880,59.0,0.0460564691081438,-672.9289,157.04,-43.15996,-38.606457,-10.873291,1.3696322,-27.028828,-21.249842,-11.709316,21.04652,16.588442,-11.010647,12.781502
176,321697,data/collections/barnyard/sounds/321697_3554699-hq.ogg,75136,85376,61.0,0.0458058489361924,-668.88617,135.7719,-80.18155,-34.707443,-8.684167,3.3602538,-39.129543,-12.357596,-3.8010085,23.697048,16.984812,-10.152294,10.859997
177,321697,data/collections/barnyard/sounds/321697_3554699-hq.ogg,94336,99712,62.0,0.0480178729114595,-671.0122,107.45229,-112.84729,-17.0428,-0.86064243,-5.9787016,-28.844889,-18.453304,8.477697,27.66412,17.944582,-9.700177,13.199984
178,321697,data/collections/barnyard/sounds/321697_3554699-hq.ogg,101248,114432,77.0,0.042419667014565,-676.4067,94.84251,-121.11524,-22.62705,0.25609574,-2.2356014,-29.147568,0.3479252,11.254037,28.396437,15.1440935,-6.420395,1.719274
179,321697,data/collections/barnyard/sounds/321697_3554699-hq.ogg,114688,127744,83.0,0.049294100839761,-650.9876,31.026155,-100.24891,-27.555147,15.187182,-5.3667054,-25.669443,1.4291617,14.4110365,36.182358,9.467469,-7.763375,3.7219079
180,321697,data/collections/barnyard/sounds/321697_3554699-hq.ogg,128000,144256,82.0,0.0678467638751866,-700.3597,5.805997,-93.52221,-13.018674,13.584942,16.9147,-5.319547,7.700761,28.58678,55.125103,-5.0695677,-25.135893,6.4261813
181,269571,data/collections/barnyard/sounds/269571_4564240-hq.ogg,2688,9344,83.0,0.0008259621043789,-1054.4252,66.470406,-29.509424,6.5860963,16.05155,12.938141,-18.612457,-22.186098,10.774337,21.713984,-19.546331,-23.858831,8.872765
182,269571,data/collections/barnyard/sounds/269571_4564240-hq.ogg,20864,46208,70.0,0.0186743659443087,-731.08936,68.708015,-98.408455,-26.598707,-33.388546,-1.6896275,-32.634094,-34.91686,-25.813133,-3.1003315,4.392896,4.733146,29.621529
183,151612,data/collections/barnyard/sounds/151612_37876-hq.ogg,35584,48768,90.0,0.0049746794629511,-912.5461,12.425143,-15.246259,81.34274,11.099118,-4.126656,19.132431,30.071245,-5.643146,-10.142116,35.053284,26.166748,-3.297247
184,151612,data/collections/barnyard/sounds/151612_37876-hq.ogg,49024,74752,89.0,0.023213629655788,-741.0134,-11.638794,-28.21455,67.849915,-16.908453,-26.17148,-15.884272,52.70836,13.112826,9.637601,22.967808,19.027512,-15.22674
185,151612,data/collections/barnyard/sounds/151612_37876-hq.ogg,76416,89600,77.0,0.0694496391826124,-645.89795,13.605507,-78.86658,58.730732,-19.73844,-35.06463,-32.219128,41.172146,22.415922,7.0320973,6.737103,24.098032,-6.36824
186,151612,data/collections/barnyard/sounds/151612_37876-hq.ogg,89856,103552,78.0,0.0565249172739581,-619.314,43.13746,-80.25492,49.936096,-23.221443,-35.02027,-35.19434,23.845308,17.119038,7.370011,-4.549663,7.409151,1.5860837
187,151612,data/collections/barnyard/sounds/151612_37876-hq.ogg,128128,135040,66.0,0.0319402561352142,-657.4369,146.90758,-62.50995,25.042185,-13.209019,-39.963478,-38.55079,-0.30460635,3.3194845,-1.8977698,-8.22087,-8.046835,-5.100657
188,151612,data/collections/barnyard/sounds/151612_37876-hq.ogg,135680,140160,85.0,0.0348321863205892,-678.0443,29.401402,-77.03012,57.757233,-16.959328,-24.162622,-36.27319,23.22062,35.893387,10.226075,-5.593746,8.193491,12.265144
189,151612,data/collections/barnyard/sounds/151612_37876-hq.ogg,147584,152064,64.0,0.0291098311707665,-705.15924,149.62164,-26.569994,15.752029,-18.636417,-36.049763,-43.432724,4.3154254,7.2272367,-1.6019685,-5.8890963,-9.391311,-9.536071
190,826753,data/collections/barnyard/sounds/826753_3339822-hq.ogg,6144,21248,83.0,0.0217690300497072,-838.08563,-26.958012,-111.37475,17.456053,1.3652068,23.72078,-14.415663,-33.516747,-7.6762815,42.891365,-5.9081626,-21.839731,24.103708
191,826753,data/collections/barnyard/sounds/826753_3339822-hq.ogg,27520,39040,72.0,0.0208983054216543,-662.47406,44.489468,-78.525154,2.3663037,-21.512688,7.163593,-24.033728,-25.487196,-8.571287,14.958098,-8.039096,-4.9626846,8.436375
192,826753,data/collections/barnyard/sounds/826753_3339822-hq.ogg,46976,59776,77.0,0.017371691324476,-679.9454,78.74201,-72.940636,6.7193236,-16.813288,9.593043,-16.331388,-30.628756,-21.50682,1.4355603,-4.947986,0.33514348,2.8633165
193,826753,data/collections/barnyard/sounds/826753_3339822-hq.ogg,61440,68608,59.0,0.0133462745440734,-735.874,136.60425,-45.494663,-13.473301,-10.109054,6.5609603,-12.216122,-26.909912,-22.639128,-8.202575,-12.191281,1.8958368,6.42919
194,607242,data/collections/barnyard/sounds/607242_887696-hq.ogg,0,11648,89.0,0.0715979512042533,-1143.6034,-63.72316,-23.80202,71.45047,-10.748341,-16.792398,54.798378,-22.482843,3.0281234,29.412989,-42.503773,29.65797,4.177768
195,607242,data/collections/barnyard/sounds/607242_887696-hq.ogg,13056,36608,90.0,0.0678214312695963,-1120.6779,-78.32522,-22.891182,84.785515,-2.4036345,-16.773088,34.608112,4.35059,-1.258794,1.1511986,-6.7116838,3.7314692,-2.1973002
196,607242,data/collections/barnyard/sounds/607242_887696-hq.ogg,45312,57216,89.0,0.0782632553179419,-1103.9786,-88.446945,-5.1076922,76.808014,-40.055172,11.94199,41.007435,-28.207104,16.064928,20.174517,-34.431133,28.190325,1.5869797
197,607242,data/collections/barnyard/sounds/607242_887696-hq.ogg,67328,79488,89.0,0.0703603330365485,-1154.9973,-93.5908,11.486332,59.711166,-40.35139,0.8091909,48.12395,-40.13771,7.7685504,34.99499,-47.829624,32.300865,-1.8935543
198,164483,data/collections/barnyard/sounds/164483_2104797-hq.ogg,5504,12928,90.0,3.002576672917456e-07,-1264.9115,6.3180923e-06,-6.055832e-05,2.2888184e-05,-7.843971e-05,6.9499016e-05,-3.8027763e-05,-7.4505806e-05,-5.0902367e-05,-1.8239021e-05,-2.7060509e-05,-1.8954277e-05,-4.3034554e-05
199,164483,data/collections/barnyard/sounds/164483_2104797-hq.ogg,28032,48128,90.0,3.173641719673036e-07,-1264.9119,6.3180923e-06,-6.055832e-05,2.2888184e-05,-7.843971e-05,6.9499016e-05,-3.8027763e-05,-7.4505806e-05,-5.0902367e-05,-1.8239021e-05,-2.7060509e-05,-1.8954277e-05,-4.3034554e-05
200,164483,data/collections/barnyard/sounds/164483_2104797-hq.ogg,51456,66816,90.0,2.920714773156526e-07,-1264.9119,6.3180923e-06,-6.055832e-05,2.2888184e-05,-7.843971e-05,6.9499016e-05,-3.8027763e-05,-7.4505806e-05,-5.0902367e-05,-1.8239021e-05,-2.7060509e-05,-1.8954277e-05,-4.3034554e-05
201,164483,data/collections/barnyard/sounds/164483_2104797-hq.ogg,82304,95488,92.0,0.0064510757350617,-1221.5337,-42.55139,-1.9950546,44.429607,-58.743862,37.15656,5.5871177,-42.400307,51.409027,-29.265127,-8.074989,36.789642,-40.65063
202,164483,data/collections/barnyard/sounds/164483_2104797-hq.ogg,95744,108672,89.0,0.0195786822486131,-1195.8412,-53.958286,-25.200602,81.12329,-71.8874,9.193825,54.17748,-69.35851,30.078794,26.26637,-53.394886,34.607433,7.58301
203,164483,data/collections/barnyard/sounds/164483_2104797-hq.ogg,108928,121856,91.0,0.0402322579377417,-1166.0044,-98.62841,2.9450848,83.75509,-108.479706,64.09138,10.71791,-63.206177,63.747723,-21.76164,-27.387323,50.83376,-39.713383
204,164483,data/collections/barnyard/sounds/164483_2104797-hq.ogg,122112,135040,89.0,0.0408720633995133,-1166.8242,-73.45992,-27.342577,102.931694,-99.14334,25.977106,55.27828,-84.31252,48.505325,13.747773,-50.87688,41.184437,-4.4399905
205,164483,data/collections/barnyard/sounds/164483_2104797-hq.ogg,135296,148224,91.0,0.0874037732359142,-1118.9541,-128.53181,9.909636,96.42252,-128.12599,79.83553,0.42238316,-52.733723,49.45949,-8.270794,-30.733385,39.741528,-20.614023
206,164483,data/collections/barnyard/sounds/164483_2104797-hq.ogg,148480,161408,90.0,0.0593398135160341,-1147.3802,-93.68097,-23.960707,114.489204,-117.17542,41.204098,48.16499,-85.61434,55.795033,3.2983723,-40.19862,33.882637,-4.0493073
207,164483,data/collections/barnyard/sounds/164483_2104797-hq.ogg,161664,177664,89.0,0.0024317836306147,-1228.6095,-29.991198,-15.655202,46.716537,-37.962585,-0.9142259,35.37606,-37.27268,8.549186,23.04966,-30.492403,10.905643,14.657238
208,164483,data/collections/barnyard/sounds/164483_2104797-hq.ogg,179200,184064,90.0,3.0241300370006697e-07,-1264.9116,6.3180923e-06,-6.055832e-05,2.2888184e-05,-7.843971e-05,6.9499016e-05,-3.8027763e-05,-7.4505806e-05,-5.0902367e-05,-1.8239021e-05,-2.7060509e-05,-1.8954277e-05,-4.3034554e-05
209,164483,data/collections/barnyard/sounds/164483_2104797-hq.ogg,188416,194688,84.0,2.9735158641737144e-07,-1264.9116,6.3180923e-06,-6.055832e-05,2.2888184e-05,-7.843971e-05,6.9499016e-05,-3.8027763e-05,-7.4505806e-05,-5.0902367e-05,-1.8239021e-05,-2.7060509e-05,-1.8954277e-05,-4.3034554e-05
210,164483,data/collections/barnyard/sounds/164483_2104797-hq.ogg,199040,212224,90.0,2.878010928997576e-07,-1264.9117,6.3180923e-06,-6.055832e-05,2.2888184e-05,-7.843971e-05,6.9499016e-05,-3.8027763e-05,-7.4505806e-05,-5.0902367e-05,-1.8239021e-05,-2.7060509e-05,-1.8954277e-05,-4.3034554e-05
211,164483,data/collections/barnyard/sounds/164483_2104797-hq.ogg,212480,227968,88.0,3.060073536043323e-07,-1264.9119,6.3180923e-06,-6.055832e-05,2.2888184e-05,-7.843971e-05,6.9499016e-05,-3.8027763e-05,-7.4505806e-05,-5.0902367e-05,-1.8239021e-05,-2.7060509e-05,-1.8954277e-05,-4.3034554e-05
212,164483,data/collections/barnyard/sounds/164483_2104797-hq.ogg,230784,250752,92.0,3.0047165307166264e-07,-1264.9119,6.3180923e-06,-6.055832e-05,2.2888184e-05,-7.843971e-05,6.9499016e-05,-3.8027763e-05,-7.4505806e-05,-5.0902367e-05,-1.8239021e-05,-2.7060509e-05,-1.8954277e-05,-4.3034554e-05
213,164483,data/collections/barnyard/sounds/164483_2104797-hq.ogg,251264,256128,90.0,3.0452496829506837e-07,-1264.9116,6.3180923e-06,-6.055832e-05,2.2888184e-05,-7.843971e-05,6.9499016e-05,-3.8027763e-05,-7.4505806e-05,-5.0902367e-05,-1.8239021e-05,-2.7060509e-05,-1.8954277e-05,-4.3034554e-05
214,164483,data/collections/barnyard/sounds/164483_2104797-hq.ogg,256896,271488,90.0,3.061050207716881e-07,-1264.9119,6.3180923e-06,-6.055832e-05,2.2888184e-05,-7.843971e-05,6.9499016e-05,-3.8027763e-05,-7.4505806e-05,-5.0902367e-05,-1.8239021e-05,-2.7060509e-05,-1.8954277e-05,-4.3034554e-05
215,164483,data/collections/barnyard/sounds/164483_2104797-hq.ogg,273536,291200,92.0,3.2235789581681597e-07,-1264.9119,6.3180923e-06,-6.055832e-05,2.2888184e-05,-7.843971e-05,6.9499016e-05,-3.8027763e-05,-7.4505806e-05,-5.0902367e-05,-1.8239021e-05,-2.7060509e-05,-1.8954277e-05,-4.3034554e-05
216,164483,data/collections/barnyard/sounds/164483_2104797-hq.ogg,300416,310016,93.0,2.664375655991091e-07,-1264.9116,6.3180923e-06,-6.055832e-05,2.2888184e-05,-7.843971e-05,6.9499016e-05,-3.8027763e-05,-7.4505806e-05,-5.0902367e-05,-1.8239021e-05,-2.7060509e-05,-1.8954277e-05,-4.3034554e-05
217,164483,data/collections/barnyard/sounds/164483_2104797-hq.ogg,310784,325888,91.0,2.571697913046365e-07,-1264.9119,6.3180923e-06,-6.055832e-05,2.2888184e-05,-7.843971e-05,6.9499016e-05,-3.8027763e-05,-7.4505806e-05,-5.0902367e-05,-1.8239021e-05,-2.7060509e-05,-1.8954277e-05,-4.3034554e-05
218,164483,data/collections/barnyard/sounds/164483_2104797-hq.ogg,340096,348800,92.0,2.698244082065712e-07,-1264.9116,6.3180923e-06,-6.055832e-05,2.2888184e-05,-7.843971e-05,6.9499016e-05,-3.8027763e-05,-7.4505806e-05,-5.0902367e-05,-1.8239021e-05,-2.7060509e-05,-1.8954277e-05,-4.3034554e-05
219,74643,data/collections/barnyard/sounds/74643_384275-hq.ogg,21504,34944,90.0,0.0117926451247809,-863.51,86.68876,0.038261414,65.17113,-44.68696,49.41772,-28.10805,20.742699,-2.6174238,-16.185015,26.99394,-18.296864,9.433034
220,74643,data/collections/barnyard/sounds/74643_384275-hq.ogg,35200,50176,91.0,0.0091985024513294,-853.27167,66.06155,22.667248,40.40628,-26.150684,46.639103,-36.42641,37.63116,-21.549051,20.513468,-10.651124,4.1097975,5.778161
221,74643,data/collections/barnyard/sounds/74643_384275-hq.ogg,50816,72960,89.0,0.0098004492511918,-828.89185,35.77034,48.913708,25.358797,-4.7166147,21.567,0.22930045,-9.024664,25.638006,-23.22498,16.04384,-4.688633,-4.0185785
222,74643,data/collections/barnyard/sounds/74643_384275-hq.ogg,106624,111232,66.0,0.0009668332296975,-884.5384,91.4342,10.344538,33.81723,3.4227514,8.494669,5.0290174,-13.85785,1.265779,9.502139,-7.1259575,6.6502333,2.4491773
223,74643,data/collections/barnyard/sounds/74643_384275-hq.ogg,117248,121728,67.0,0.0011635821281229,-882.4879,94.82521,8.152522,38.232277,-1.8299924,6.709786,5.2912855,3.3327487,14.068946,3.5687053,-8.93425,12.590799,-0.6507008
224,74643,data/collections/barnyard/sounds/74643_384275-hq.ogg,151552,160768,74.0,0.0011225366694763,-871.94727,91.74975,0.6137247,37.88206,2.849774,3.26714,14.342291,-1.9273448,-1.2067423,6.2016263,-4.0505304,14.310172,2.7888029
225,74643,data/collections/barnyard/sounds/74643_384275-hq.ogg,190720,195712,61.0,0.0013698127442893,-852.8883,79.41783,12.9501,36.416134,-1.811804,15.000347,6.154647,-2.5602021,-1.6171429,11.229105,-6.423994,6.4181023,2.6969478
226,74643,data/collections/barnyard/sounds/74643_384275-hq.ogg,264960,269696,60.0,0.0011863363679756,-881.40784,99.00744,21.710836,30.606987,8.389288,12.208599,7.323385,2.4293277,0.13245395,4.0884633,-2.3450718,5.911713,-4.791589
227,74643,data/collections/barnyard/sounds/74643_384275-hq.ogg,279552,284288,50.0,0.0011245248173875,-876.846,95.584,12.5644245,35.33015,-0.87727994,8.608583,11.59453,3.216651,-3.089725,1.5821438,-3.0788445,1.5698416,-2.9034162
228,578859,data/collections/barnyard/sounds/578859_12947664-hq.ogg,5760,11520,88.0,0.0037880644117354,-977.00684,-20.651688,-40.24267,94.55867,-4.76045,-5.1999793,16.249123,-23.98216,-7.4921403,44.231815,-4.860923,-35.883087,21.096697
229,578859,data/collections/barnyard/sounds/578859_12947664-hq.ogg,17280,22656,90.0,0.0031515961580616,-978.09,-41.296265,-48.11841,97.30979,-21.339054,-38.167336,18.914948,3.0886645,-5.8659577,-7.579226,1.498737,0.15479827,-4.495924
230,578859,data/collections/barnyard/sounds/578859_12947664-hq.ogg,25984,39168,89.0,0.0076105367713062,-1026.6542,-20.283186,-24.851479,86.269646,-26.424685,-20.755896,5.0016646,4.9961505,1.8548499,-4.5605946,-0.56803447,-3.0697987,4.0669274
231,578859,data/collections/barnyard/sounds/578859_12947664-hq.ogg,39424,61312,89.0,0.0060108885837879,-997.3391,-17.39114,-59.542892,91.34491,-2.3539693,-28.989212,4.188873,10.137954,-12.715152,-9.9402485,11.981453,2.3882976,-14.886113
232,578859,data/collections/barnyard/sounds/578859_12947664-hq.ogg,61696,75776,91.0,0.0053620190956341,-980.0837,-74.65279,30.238026,66.967476,-54.349003,20.927574,-10.361719,-4.4044023,-5.7128315,-1.7056391,2.9049602,-6.849012,1.3214684
233,578859,data/collections/barnyard/sounds/578859_12947664-hq.ogg,84096,98048,85.0,0.0035171021999864,-982.1034,-70.353485,9.709402,72.56047,-31.079355,5.8400116,-9.556246,9.938727,8.7911415,-11.9940605,3.2098157,-9.718978,1.2148443
234,410171,data/collections/barnyard/sounds/410171_7117100-hq.ogg,13056,35200,86.0,4.8677594654741736e-05,-1241.3756,-15.77996,-16.359806,27.604008,-10.051688,-11.508264,14.196331,-2.5976486,-4.4580774,0.9653598,2.8566945,0.6397115,-5.9802566
235,410171,data/collections/barnyard/sounds/410171_7117100-hq.ogg,35712,53888,91.0,3.0485293402867904e-06,-1262.6461,-1.8260584,-0.92522204,2.4971159,-1.912549,0.32808062,0.80470634,-1.2112314,1.2604772,-0.8832078,-0.18486583,1.4216464,-1.6865927
236,410171,data/collections/barnyard/sounds/410171_7117100-hq.ogg,58240,72448,86.0,2.2126727113138742e-06,-1264.3795,-0.44131786,-0.21301691,0.640054,-0.5142866,0.023973566,0.3651458,-0.37440187,0.12411507,0.07729717,-0.08820672,0.033115212,-0.080985546
237,410171,data/collections/barnyard/sounds/410171_7117100-hq.ogg,74496,87680,92.0,1.941910211315401e-06,-1264.7031,-0.15976338,-0.11505079,0.27042136,-0.1762666,-0.05559011,0.20400119,-0.15922749,0.0010985931,0.114785396,-0.11461866,0.041453797,0.026780328
238,410171,data/collections/barnyard/sounds/410171_7117100-hq.ogg,87936,100864,89.0,6.61001146601787e-05,-1241.1873,-12.492687,-23.116959,27.82815,1.585465,-24.950788,14.4492445,11.37585,-17.978868,1.4922504,12.138736,-6.7795663,-5.0503955
239,410171,data/collections/barnyard/sounds/410171_7117100-hq.ogg,101120,114048,91.0,6.331174713465877e-06,-1258.871,-3.310077,-5.7841244,7.472557,-0.17146768,-6.5571194,4.7213254,2.3396285,-5.3617635,1.4247974,3.3114069,-2.7950993,-1.1834322
240,410171,data/collections/barnyard/sounds/410171_7117100-hq.ogg,115712,124160,83.0,2.0103085280762707e-06,-1263.918,-0.6292929,-0.82429266,1.3387489,-0.38938355,-0.91813475,1.160676,-0.17317688,-0.88973755,0.92608833,-0.036117896,-0.758511,0.7014227
241,410171,data/collections/barnyard/sounds/410171_7117100-hq.ogg,129280,135040,92.0,8.860833230933753e-07,-1264.9116,6.3180923e-06,-6.055832e-05,2.2888184e-05,-7.843971e-05,6.9499016e-05,-3.8027763e-05,-7.4505806e-05,-5.0902367e-05,-1.8239021e-05,-2.7060509e-05,-1.8954277e-05,-4.3034554e-05
242,410171,data/collections/barnyard/sounds/410171_7117100-hq.ogg,141184,166912,92.0,1.6303515848887873e-05,-1254.7432,-6.629532,-7.983217,13.457501,-4.501007,-8.220597,10.972617,-2.1678805,-7.3495045,7.655831,-0.2121785,-5.701287,4.3814907
243,577768,data/collections/barnyard/sounds/577768_485650-hq.ogg,1024,6784,93.0,0.0419524646390442,-814.7962,-115.94548,-28.001581,81.922554,-4.061113,-0.75273913,5.380702,-30.25474,-2.3955946,36.571053,-21.608383,-27.81496,12.321034
244,851731,data/collections/barnyard/sounds/851731_9616576-hq.ogg,0,6272,91.0,0.0098878310082,-1186.713,-43.403854,-67.55695,80.06353,4.2385387,-59.638798,21.69538,38.773247,-35.507496,-15.7377615,38.36137,-8.164422,-25.151983
245,851731,data/collections/barnyard/sounds/851731_9616576-hq.ogg,6912,12544,90.0,0.0036982444260888,-1198.5027,-32.631096,-65.06413,67.084236,16.25683,-59.84672,11.701902,44.59884,-27.8402,-26.71452,36.52059,3.9408906,-29.90115
246,851731,data/collections/barnyard/sounds/851731_9616576-hq.ogg,22400,28288,87.0,0.0004435041146545,-1234.4199,-7.70194,-37.901897,18.066313,28.150528,-20.907782,-21.379099,22.482895,15.635678,-24.26246,-7.5317106,21.638561,1.350734
247,851731,data/collections/barnyard/sounds/851731_9616576-hq.ogg,42112,56320,91.0,0.0035893864657624,-1217.8113,-28.978884,-36.48899,50.85293,-5.75172,-33.814285,21.259514,16.236801,-25.977436,1.8056092,18.47859,-11.865816,-4.559227
248,851731,data/collections/barnyard/sounds/851731_9616576-hq.ogg,70400,75520,89.0,0.0084779755166022,-1191.2649,-35.376156,-71.134155,68.34589,21.303928,-57.181793,-0.50871086,49.142464,-16.90609,-37.84878,34.328915,11.110967,-28.52242
249,851731,data/collections/barnyard/sounds/851731_9616576-hq.ogg,77568,84480,90.0,0.0073004436295489,-1169.7646,-48.151867,-87.08948,89.00579,18.190714,-68.432655,8.730308,52.719482,-29.43242,-31.948526,43.439342,-0.744497,-29.372198
250,851731,data/collections/barnyard/sounds/851731_9616576-hq.ogg,97664,105984,88.0,0.004324507385313,-1196.7432,-33.364243,-61.085274,56.1753,15.33897,-34.386364,-8.921054,26.86872,6.7516046,-29.579206,7.331741,19.450525,-12.738815
251,851731,data/collections/barnyard/sounds/851731_9616576-hq.ogg,118784,133888,86.0,0.0027201710313408,-1191.0634,-37.05627,-70.87847,76.751625,9.482605,-62.508514,29.255796,24.096148,-32.934917,8.966382,10.227316,-14.750361,9.890594
252,851731,data/collections/barnyard/sounds/851731_9616576-hq.ogg,201216,210432,90.0,0.0020785339338278,-1201.0193,-32.688187,-59.943726,63.87574,12.442833,-53.234642,9.673873,41.428917,-25.029484,-26.162006,35.665237,1.6120641,-26.038025
253,851731,data/collections/barnyard/sounds/851731_9616576-hq.ogg,227328,234240,86.0,0.0019468554218996,-1207.9592,-19.815123,-61.764843,38.02028,32.62666,-28.167612,-24.939493,22.497091,25.092066,-28.291962,-14.168664,25.888632,4.6410637
254,851731,data/collections/barnyard/sounds/851731_9616576-hq.ogg,257152,265216,86.0,0.0025853659667674,-1224.3037,-27.334314,-28.410753,47.6904,-13.860727,-28.58194,30.970148,3.2808747,-29.444504,18.828976,10.697706,-22.83087,7.4947433
255,851731,data/collections/barnyard/sounds/851731_9616576-hq.ogg,273280,280576,86.0,0.0071346080740958,-1225.2782,-29.178755,-21.911238,43.26391,-17.938213,-19.083326,25.936419,-0.7431186,-23.013044,19.345242,3.4074466,-18.098888,11.185911
256,851731,data/collections/barnyard/sounds/851731_9616576-hq.ogg,299392,308672,89.0,0.0008376004199051,-1223.9028,-17.99458,-41.80527,35.673958,16.891918,-31.279375,-6.713163,29.23997,-2.1055706,-27.52791,15.147322,14.61511,-17.164938
257,607223,data/collections/barnyard/sounds/607223_887696-hq.ogg,10240,29056,91.0,0.017528316811965,-1023.4683,-192.3642,-21.020884,75.97176,-40.979965,38.65725,-40.919575,19.533134,-5.4469185,2.612016,1.9507726,-3.8835204,2.1299987
258,607223,data/collections/barnyard/sounds/607223_887696-hq.ogg,31488,41600,93.0,0.0291312376675281,-997.4733,-214.29001,-43.111645,105.07936,-41.526695,6.3594346,4.89162,-12.277882,0.3437017,8.224671,4.8592324,-13.957827,3.9113753
259,607223,data/collections/barnyard/sounds/607223_887696-hq.ogg,47872,53248,81.0,0.1016437884005204,-901.95605,-239.88057,-82.30693,119.43607,-2.568631,-33.119465,6.6656914,7.5350447,-4.057801,-7.0903597,7.3752937,2.7018185,-2.9169192
260,607223,data/collections/barnyard/sounds/607223_887696-hq.ogg,53760,63232,93.0,0.1218109065997716,-896.69696,-255.72626,-91.953354,121.39145,11.325346,-38.43611,-0.9796359,9.329073,1.9959006,-7.5454507,2.6729379,3.6440976,-1.6818328
261,607223,data/collections/barnyard/sounds/607223_887696-hq.ogg,68864,78848,92.0,0.1213926057691739,-896.45905,-257.43237,-111.23383,114.07924,30.07166,-34.15921,-7.0588555,-0.27905184,5.1266713,0.92572635,1.5654278,-1.4682612,-4.145402
262,607223,data/collections/barnyard/sounds/607223_887696-hq.ogg,81920,87936,85.0,0.0840644780564568,-896.6287,-231.98515,-105.23745,91.023056,38.8195,-18.774902,-30.790918,13.2056675,3.4146392,3.552929,-8.82177,5.603549,3.9290433
263,607223,data/collections/barnyard/sounds/607223_887696-hq.ogg,90880,97792,87.0,0.13647798632705,-901.00726,-240.96288,-77.42483,130.31155,-49.294144,10.424729,13.611393,-28.299026,12.634393,5.813849,-11.91611,5.657593,7.20396
264,353451,data/collections/barnyard/sounds/353451_1431924-hq.ogg,32896,51712,90.0,0.2122138818210125,-1120.3853,-111.019684,-12.169402,82.47337,-60.494095,-7.4728794,60.487705,-66.42474,24.648775,34.42893,-66.58726,54.535507,-20.84433
265,353451,data/collections/barnyard/sounds/353451_1431924-hq.ogg,51968,64896,88.0,0.1195313768391917,-978.2443,-235.1059,-27.941008,146.37299,-87.334564,6.401795,6.95486,8.926875,-13.553914,14.823814,-17.687313,12.531597,-2.62144
266,353451,data/collections/barnyard/sounds/353451_1431924-hq.ogg,65152,78080,87.0,0.1331741898274596,-962.11914,-233.3819,-57.81718,161.7418,-63.80412,-31.703566,26.066252,14.54753,-29.392624,25.17708,-14.090545,0.69433874,1.1434293
267,353451,data/collections/barnyard/sounds/353451_1431924-hq.ogg,78336,95104,87.0,0.0861086333093157,-1010.59875,-213.00926,-53.62707,163.51321,-79.35728,-28.71457,41.033474,8.69192,-41.38177,33.879417,-8.120019,-7.6760473,1.0421982
268,365078,data/collections/barnyard/sounds/365078_5966421-hq.ogg,3200,13696,66.0,5.6021691048900176e-05,-1131.8909,112.69022,17.034014,-4.7592583,-10.719873,-11.509474,-6.2074594,-5.312747,-3.8524895,-0.78813154,-0.77614105,-3.5494905,2.157597
269,365078,data/collections/barnyard/sounds/365078_5966421-hq.ogg,14592,41600,68.0,0.0002054395531472,-1087.1023,100.77699,-20.626951,-10.484984,-0.88098776,-15.210844,-7.877203,5.29993,3.601391,-4.51077,-10.329139,1.727037,3.1270118
270,365078,data/collections/barnyard/sounds/365078_5966421-hq.ogg,42752,48896,66.0,0.0005616543272509,-1033.7296,75.30007,-52.47039,-2.8974986,0.34127522,-23.56591,2.771954,9.2877445,-4.4955044,0.740259,7.3895745,0.9466856,-11.534497
271,365078,data/collections/barnyard/sounds/365078_5966421-hq.ogg,57728,65024,74.0,8.930470914093063e-05,-1095.2623,80.88135,-22.47429,23.386837,-11.7146,-16.585854,1.2522436,3.7378306,7.6122694,-8.280409,-2.169468,7.193406,-10.114065
272,365078,data/collections/barnyard/sounds/365078_5966421-hq.ogg,74752,83968,74.0,0.0003429763506816,-1107.0912,95.46492,-20.41746,0.04905641,7.37009,-13.859837,-12.866561,3.347703,4.176648,-11.756861,-11.907241,0.4568206,0.08642698
273,365078,data/collections/barnyard/sounds/365078_5966421-hq.ogg,85888,90240,71.0,0.0005488612481916,-983.9241,49.44354,-68.230064,14.54002,20.524015,-26.606173,4.9756207,-0.09606099,-17.859589,-4.5314946,1.0666881,11.91428,-7.3268576
274,365078,data/collections/barnyard/sounds/365078_5966421-hq.ogg,99328,118144,74.0,0.0012938436036462,-1013.2037,52.27785,-49.52141,6.2610583,4.5420685,-19.654469,-0.44187313,0.11885643,-4.4565935,3.170391,-4.2527394,4.3341675,-14.406078
275,365078,data/collections/barnyard/sounds/365078_5966421-hq.ogg,118784,128256,81.0,0.0020611065023329,-916.7698,13.442956,-74.873505,-2.265175,10.511563,-18.072117,1.8929108,1.6925192,-12.502792,13.512867,-14.25129,4.4693103,-11.524352
276,365078,data/collections/barnyard/sounds/365078_5966421-hq.ogg,128512,139776,72.0,0.0012321419509913,-1015.3534,61.37275,-29.516586,9.10032,-3.2570763,-14.7693405,-5.0285516,-0.6711582,-8.81434,-3.836303,-7.3853464,-5.714143,-7.1138635
277,365078,data/collections/barnyard/sounds/365078_5966421-hq.ogg,143616,151808,71.0,0.0001357384522304,-1067.6277,97.71934,-32.136524,9.822362,9.39752,-23.520277,-14.425261,-5.8127704,-11.978624,-0.3428898,-0.949008,4.252849,-1.2572054
278,365078,data/collections/barnyard/sounds/365078_5966421-hq.ogg,158848,175872,79.0,0.0018458643239928,-943.3903,26.843786,-64.95556,5.8865895,1.7788361,-9.552791,-0.016172886,5.5080385,-7.200849,11.2738495,-3.8194678,-4.758889,-10.776141
279,365078,data/collections/barnyard/sounds/365078_5966421-hq.ogg,176384,197504,80.0,0.0015855260742537,-936.0545,25.934275,-70.77649,10.593934,0.34732637,-9.077524,-0.31268245,6.529605,-7.720887,5.4269967,-0.025361013,-1.5027566,-8.383528
280,365078,data/collections/barnyard/sounds/365078_5966421-hq.ogg,207104,214912,63.0,0.0001051302842345,-1072.4293,114.11458,-26.129307,1.7352587,0.031132016,-14.051021,6.895728,12.51839,4.177813,-7.0040927,-11.238792,0.17131042,-5.5451403
281,365078,data/collections/barnyard/sounds/365078_5966421-hq.ogg,222848,227584,69.0,0.0001479800484424,-1088.3379,104.785065,-11.2615795,10.576701,6.139445,-0.30084133,1.3692907,1.7184606,6.706316,-2.8969836,-7.9625206,5.4034553,4.015621
282,365078,data/collections/barnyard/sounds/365078_5966421-hq.ogg,232064,240128,77.0,0.0006630153657091,-980.3937,79.5854,-67.35707,18.275492,10.754438,-17.754911,7.6021457,2.745622,-3.5413136,-5.012316,-16.206648,17.836245,-4.1567626
283,365078,data/collections/barnyard/sounds/365078_5966421-hq.ogg,248448,272384,71.0,0.0001445845534562,-1092.4425,106.37612,-13.190507,-3.018625,4.8218737,-6.01355,-14.6123085,8.24728,12.679495,-8.012908,-7.3255653,4.534204,5.976827
284,365078,data/collections/barnyard/sounds/365078_5966421-hq.ogg,273536,280064,69.0,9.50959410369808e-05,-1099.474,103.26965,-22.376516,9.902728,16.355669,-16.562443,-14.249626,8.003644,10.847065,-5.5855184,-7.247162,12.298474,18.690275
285,365078,data/collections/barnyard/sounds/365078_5966421-hq.ogg,280960,295296,72.0,0.000125519297207,-1082.0873,88.70751,-20.46353,3.271339,-1.4506148,-7.5692935,-3.3337598,12.837291,-0.65545267,-9.238871,-7.6436877,4.179115,3.2708373
286,365078,data/collections/barnyard/sounds/365078_5966421-hq.ogg,300032,310400,70.0,6.711139550172027e-05,-1105.155,100.203705,0.7078842,-4.2264695,-10.152683,-5.4959774,-4.510812,2.5320294,0.045494746,-5.215747,-2.7351484,1.7165203,2.9432747
287,365078,data/collections/barnyard/sounds/365078_5966421-hq.ogg,315136,319744,69.0,0.0001386899753971,-1067.0702,71.68794,-31.673002,2.7776875,-7.62618,-23.892605,6.0260363,16.649963,-1.3087214,0.9050511,-14.996868,-1.6568747,-1.4054523
288,365078,data/collections/barnyard/sounds/365078_5966421-hq.ogg,325888,335104,69.0,9.892890719725989e-05,-1071.179,74.97125,-7.4147964,16.12338,-21.829792,-8.56614,-1.6772661,-0.33646,0.6615368,-1.7281352,0.8450102,3.6541052,0.40959966
289,365078,data/collections/barnyard/sounds/365078_5966421-hq.ogg,342272,357888,67.0,6.179869694634572e-05,-1112.719,99.28308,-5.3044696,6.5021715,2.2960024,-16.526108,-9.500341,5.1107564,0.33444664,-6.8652325,1.7085681,6.957585,-3.2002895
290,365078,data/collections/barnyard/sounds/365078_5966421-hq.ogg,358272,363648,60.0,5.097667538305607e-05,-1122.8646,101.49008,0.70284134,-3.0136437,-1.1186227,-5.7063193,-12.421378,-1.2517843,8.997655,-2.8019783,-8.108408,0.8819667,-1.492543
291,365078,data/collections/barnyard/sounds/365078_5966421-hq.ogg,369536,384128,72.0,0.0001282398678436,-1082.201,72.7835,-4.6764708,12.381934,-16.62955,-8.322973,-8.937061,-7.1692038,-5.308681,-0.5102997,-0.30288336,-1.2942485,0.5075394
292,807189,data/collections/barnyard/sounds/807189_16418419-hq.ogg,2816,15616,77.0,0.054992622694841,-886.82733,72.98844,-146.67242,100.881996,-30.500692,-10.322759,48.413376,-30.92682,35.46585,-2.243088,-9.712112,36.237812,-14.723362
293,807189,data/collections/barnyard/sounds/807189_16418419-hq.ogg,31360,41344,80.0,0.0292912020200756,-920.75073,73.125336,-127.923256,86.584724,-29.124294,-3.1068072,46.74661,-31.932077,29.705618,0.7243588,-6.254603,33.103836,-11.770771
294,807189,data/collections/barnyard/sounds/807189_16418419-hq.ogg,52480,57344,83.0,0.0814151823551815,-817.0636,51.69711,-192.85312,122.31831,6.7812834,-17.236618,28.191423,-28.958323,48.79563,3.900546,-20.331394,33.84747,-15.262522
295,807189,data/collections/barnyard/sounds/807189_16418419-hq.ogg,86016,92800,75.0,0.0056513649979442,-926.72754,109.82224,-108.81781,68.529884,-12.710805,-11.232814,45.700317,-18.486176,14.421266,5.06785,-11.406169,18.142796,-1.2055942
296,807189,data/collections/barnyard/sounds/807189_16418419-hq.ogg,111616,117888,72.0,0.0026380774541711,-948.24194,111.648285,-94.5521,60.859486,-17.14154,-17.695084,43.076694,-10.47955,20.503927,7.571667,-13.952812,19.06293,-0.9030315
297,807189,data/collections/barnyard/sounds/807189_16418419-hq.ogg,125696,137088,73.0,0.0037119532978725,-945.18353,113.09099,-109.29905,50.326866,0.013667193,-6.4105363,36.770798,-13.040763,29.4176,20.963799,-9.414352,16.883133,-7.0031695
298,548124,data/collections/barnyard/sounds/548124_12302765-hq.ogg,5760,10624,75.0,0.0234368767608856,-764.5966,-81.28419,-175.56375,-2.4615386,-51.20543,48.16462,-29.743305,-20.644531,-2.8272107,33.220036,30.349417,1.9847078,-5.670851
299,548124,data/collections/barnyard/sounds/548124_12302765-hq.ogg,12416,33536,77.0,0.0065496546430299,-897.1221,-4.8494205,-176.82224,-6.021653,-46.389095,55.78547,-11.567713,-19.219791,5.324143,23.2341,22.414602,-7.740916,2.858686
300,548124,data/collections/barnyard/sounds/548124_12302765-hq.ogg,39424,55424,75.0,0.0006973751402818,-1049.387,9.38713,-157.56587,-22.631031,-12.977971,34.67295,9.761678,-24.278063,11.867139,22.793793,21.977234,-4.454608,0.98158514
301,548124,data/collections/barnyard/sounds/548124_12302765-hq.ogg,64128,82688,77.0,4.311860162932365e-05,-1211.8136,13.746705,-55.641613,-28.471571,20.907734,26.194002,-1.2953835,-22.382198,-5.994212,16.649622,8.402571,-3.245091,0.10235161
302,811845,data/collections/barnyard/sounds/811845_1879886-hq.ogg,23424,32000,85.0,0.0344158012237814,-1081.9269,-154.1345,-54.21562,169.71387,-117.77108,-0.15428829,51.118507,-16.218294,-26.447538,21.051546,10.0248995,-20.38078,4.8921714
303,748574,data/collections/barnyard/sounds/748574_14331083-hq.ogg,8448,21632,87.0,0.0388628313565884,-857.8113,5.6661487,19.95716,31.008204,-7.7969284,16.577631,-23.11505,-24.202448,30.124725,-10.628607,0.7396782,-16.439455,-1.1870829
304,748574,data/collections/barnyard/sounds/748574_14331083-hq.ogg,21888,50560,84.0,0.030875222126097,-838.5868,-23.018799,-0.6696646,20.195873,15.762463,23.7446,-8.931035,-47.955936,30.956339,22.748533,-28.763334,-10.774798,-5.455296
305,748574,data/collections/barnyard/sounds/748574_14331083-hq.ogg,59264,70528,91.0,0.01640869523625,-812.43585,1.1754776,20.20861,-24.386618,-15.3253,46.89229,28.174511,-53.41529,-38.247643,25.826166,19.945772,32.501442,-45.96711
306,812036,data/collections/barnyard/sounds/812036_71257-hq.ogg,128,8960,89.0,0.0086374203736585,-841.4066,-57.307472,40.21548,47.5046,3.5103436,19.910906,-6.8598323,-5.760661,8.959009,28.07335,-21.39843,-11.852388,26.374996
307,513712,data/collections/barnyard/sounds/513712_3211895-hq.ogg,768,7936,86.0,0.0934349795491478,-908.61725,-253.71916,-110.56391,139.24966,-9.760109,-12.950583,7.3266277,-28.775152,3.51198,24.709978,-0.8425577,-8.069194,-13.079862
308,719503,data/collections/barnyard/sounds/719503_321967-hq.ogg,5248,17664,88.0,0.0217725334235685,-1095.9767,-127.36689,-72.4059,141.71284,-58.226547,-24.551872,16.90386,20.967932,-18.470335,-4.2078166,3.656107,8.810327,-3.2954512
309,719503,data/collections/barnyard/sounds/719503_321967-hq.ogg,28032,41216,84.0,0.0200461948528195,-1105.6354,-112.92498,-80.84086,131.8725,-35.156178,-38.3571,10.529629,33.89002,-22.051676,-8.37529,6.6842284,7.492325,-0.5099175
310,719503,data/collections/barnyard/sounds/719503_321967-hq.ogg,41472,58880,82.0,0.0002836255362955,-1165.4572,-68.0159,-55.236305,82.58495,-15.674018,-28.152966,0.82550097,31.281965,-15.693637,-13.677139,12.570044,3.7906363,-2.578332
311,719503,data/collections/barnyard/sounds/719503_321967-hq.ogg,67968,87040,85.0,0.0097836316372144,-1150.2897,-80.86432,-62.620293,105.81916,-33.93807,-33.39707,24.602282,12.692303,-17.46862,0.58449525,2.1572936,5.265757,-1.0674367
312,719503,data/collections/barnyard/sounds/719503_321967-hq.ogg,88960,94464,82.0,0.0172435431675446,-1042.1498,-114.44124,-71.3181,137.24213,-64.80636,-12.627983,12.774792,19.34833,-21.785702,3.3080559,2.8923225,-0.12736455,5.604715
313,719503,data/collections/barnyard/sounds/719503_321967-hq.ogg,103808,112704,89.0,0.0001170564507163,-1184.1144,-52.259743,-51.089355,69.12068,-6.8843985,-30.231142,2.104639,28.290802,-13.464356,-13.33985,10.644044,5.715493,-3.680657
314,392307,data/collections/barnyard/sounds/392307_8043-hq.ogg,5376,28800,81.0,0.003196318699064,-816.3922,48.07634,-31.158728,20.62469,-31.130882,-15.437787,2.4413574,-13.646566,-20.37253,-12.654724,-17.314272,-13.017417,-14.594178
315,392307,data/collections/barnyard/sounds/392307_8043-hq.ogg,32768,48768,77.0,0.0187292836561274,-751.425,63.066414,-24.351387,16.01377,-27.854689,4.5226583,-4.7131624,-4.8466735,-5.057254,-13.852797,-17.540731,-16.250505,-13.6396
316,392307,data/collections/barnyard/sounds/392307_8043-hq.ogg,56192,64512,80.0,0.0160238736592335,-688.0624,98.60538,-37.700695,14.967495,-38.655594,4.3753595,-1.7792352,-5.6564674,-4.7744026,-1.7175902,-18.258495,-18.77851,-7.36222
317,392307,data/collections/barnyard/sounds/392307_8043-hq.ogg,71168,82944,80.0,0.0013142482314107,-848.008,49.623917,-16.719261,13.8236265,-38.981815,-9.031205,-2.3259852,-5.642895,-24.28398,-15.017282,-16.695116,-16.04991,-12.038941
318,392307,data/collections/barnyard/sounds/392307_8043-hq.ogg,89472,96896,82.0,0.0006917221124706,-963.80536,58.801003,-7.868064,0.57951146,-23.852354,-4.477719,-9.569717,-12.69633,-10.622805,-14.938459,-25.09164,-7.741758,-9.880318
319,737543,data/collections/barnyard/sounds/737543_2397507-hq.ogg,111232,115712,84.0,0.1377962796610506,-686.80914,-12.688021,19.372658,10.709027,65.22083,-2.011362,-27.830662,13.832597,7.1353106,59.88623,-57.775864,-10.605006,16.84776
320,737543,data/collections/barnyard/sounds/737543_2397507-hq.ogg,126208,130688,83.0,0.1079160390570212,-688.4682,-0.6039767,16.070713,10.160719,82.635544,5.866375,-35.088318,20.771154,9.433724,46.791904,-32.194164,-17.954065,14.160741
321,512780,data/collections/barnyard/sounds/512780_7108319-hq.ogg,2560,28672,65.0,0.0073654816538059,-837.279,105.72885,-73.97307,-9.800847,14.531965,32.480488,0.05391434,-2.9798987,7.102241,13.009181,11.695072,-9.54314,3.6779737
322,512780,data/collections/barnyard/sounds/512780_7108319-hq.ogg,32896,40448,63.0,0.0006664769550534,-971.75195,157.51146,-19.15449,-14.213212,25.171,13.69493,1.2248949,-3.1175516,10.398641,17.587393,8.779894,-2.4292264,-0.77790123
323,677221,data/collections/barnyard/sounds/677221_14166079-hq.ogg,2816,28672,78.0,0.0182798495856728,-739.6478,133.87558,-94.86353,-14.493405,-8.740372,-0.8591234,-12.810913,15.377179,41.611576,19.948675,6.4258537,-7.9515815,-24.166851
324,677221,data/collections/barnyard/sounds/677221_14166079-hq.ogg,33792,50176,78.0,0.0139761866729814,-758.73004,135.56444,-81.255844,-18.083227,-4.9724917,6.069713,-16.473776,15.178264,30.703115,13.111605,2.733273,-6.70742,-27.689482
325,692899,data/collections/barnyard/sounds/692899_14166079-hq.ogg,6400,17280,76.0,0.0060223483596147,-746.28485,24.52207,-36.386738,39.663227,-15.183856,14.106473,-5.096291,-17.472027,-19.749168,-18.389782,-8.267206,-4.7119226,1.7483276
326,692899,data/collections/barnyard/sounds/692899_14166079-hq.ogg,26624,45696,89.0,0.0084732422950747,-750.2876,56.356728,-48.761158,29.762726,-6.8740563,25.825409,-3.9134898,-16.830605,-24.683569,-16.433937,-2.2117023,7.360016,-1.5712667
327,692899,data/collections/barnyard/sounds/692899_14166079-hq.ogg,64256,78464,76.0,0.0057051518696946,-750.85785,29.256197,-40.69592,32.6645,-3.772389,26.691776,10.242472,-12.991655,-14.482286,-15.964051,-10.17441,9.15896,6.315315
328,692899,data/collections/barnyard/sounds/692899_14166079-hq.ogg,105600,118784,78.0,0.0162402617237939,-691.6306,-9.6938715,-59.038204,28.691713,-5.7243576,15.878402,-2.516018,-4.0942664,4.61501,-27.74473,-13.239812,7.2710896,-3.758958
329,692899,data/collections/barnyard/sounds/692899_14166079-hq.ogg,119040,136064,77.0,0.0233925969780119,-663.272,-7.3848,-91.66333,29.91618,-12.310376,16.595215,-1.7191706,-4.196295,-0.9095905,-17.462645,-14.989235,7.849819,-10.375437
330,692899,data/collections/barnyard/sounds/692899_14166079-hq.ogg,136320,152192,77.0,0.0185895241820609,-672.86383,-20.265875,-61.960583,24.860834,2.9446447,30.882801,-6.653334,-7.198795,3.1447523,-14.281573,-13.401311,12.76512,-12.14156
331,683259,data/collections/barnyard/sounds/683259_14040168-hq.ogg,8064,13568,85.0,0.0132283536455564,-792.2809,-54.209484,-68.09926,37.039104,-19.9216,-8.113425,24.910778,8.764619,23.47607,12.963842,6.1387606,1.331785,-0.827397
332,683259,data/collections/barnyard/sounds/683259_14040168-hq.ogg,15232,31872,85.0,0.0086554789159161,-864.08575,-20.622095,-48.734783,34.874805,-29.090422,-3.2350354,26.39285,17.985958,28.406227,4.3215766,10.918812,-1.7129238,5.837217
333,683259,data/collections/barnyard/sounds/683259_14040168-hq.ogg,82432,91264,83.0,0.007401142878466,-846.8382,-21.551836,-70.591835,40.970856,-32.82957,-13.717661,20.72194,16.10581,22.388832,21.719131,6.9646673,1.5551438,0.05925727
334,683259,data/collections/barnyard/sounds/683259_14040168-hq.ogg,98432,104448,77.0,0.0055394102997438,-860.2199,-23.452711,-73.72961,38.2435,-41.55734,-9.7111,18.03742,18.720339,23.254726,12.238739,6.9722137,0.4895769,1.6852945
335,692900,data/collections/barnyard/sounds/692900_14166079-hq.ogg,11520,24704,78.0,0.0320673130068886,-632.5981,6.469845,-44.527996,37.775974,-0.051703453,28.646868,-0.89909095,-17.251541,5.7607303,-10.987401,-21.595629,3.7517197,-4.023894
336,692900,data/collections/barnyard/sounds/692900_14166079-hq.ogg,24960,38912,78.0,0.0352494031309633,-645.6083,-37.590355,-84.57362,30.014034,3.0513148,28.445036,8.067194,-12.45685,2.263338,-4.6238217,-17.25198,3.4197412,-12.794539
337,692900,data/collections/barnyard/sounds/692900_14166079-hq.ogg,39168,52096,77.0,0.0250940883644165,-663.5592,-30.906197,-80.6415,23.224579,0.32172093,28.93991,-2.9811385,-16.160696,7.6083527,-8.546983,-20.501093,2.2869804,-7.5171475
338,692900,data/collections/barnyard/sounds/692900_14166079-hq.ogg,52352,71296,77.0,0.0217533897256157,-671.53687,-20.984741,-81.70848,19.888557,-0.7136831,28.649776,-4.970887,-12.13234,0.8754455,-15.692494,-15.873347,7.9262533,-4.9688654
339,692900,data/collections/barnyard/sounds/692900_14166079-hq.ogg,117248,130432,77.0,0.0171737054603438,-688.70807,0.35797086,-71.44032,41.495018,-5.1101866,20.494665,9.034066,-17.847017,-16.330244,-25.295456,-5.394489,7.7138896,1.518412
340,692900,data/collections/barnyard/sounds/692900_14166079-hq.ogg,130688,145920,78.0,0.0189296445808184,-695.37335,18.459532,-78.15039,25.049637,-6.651124,18.379498,3.1702194,-27.589602,-26.271154,-11.986409,-4.869248,7.2412443,7.9807343
341,677220,data/collections/barnyard/sounds/677220_14166079-hq.ogg,5120,11264,71.0,0.0178313670212779,-767.36664,48.175655,-73.26047,43.83141,-60.878742,-5.2772727,25.091183,4.7641625,15.946507,-9.11257,-13.011327,-2.5129251,0.34734973
342,677220,data/collections/barnyard/sounds/677220_14166079-hq.ogg,11776,22272,83.0,0.029380466190984,-738.27496,13.555574,-97.6035,36.81495,-62.774994,0.17112418,24.0082,-0.5905064,9.5770855,-12.463313,-12.93852,-8.217756,4.765399
343,677220,data/collections/barnyard/sounds/677220_14166079-hq.ogg,22528,34048,84.0,0.0151941599225885,-840.7852,1.4764057,-60.48357,40.713043,-66.70971,17.88311,21.63839,-1.8343301,11.185121,-19.446527,-7.2953167,-5.769165,9.217664
344,677220,data/collections/barnyard/sounds/677220_14166079-hq.ogg,36608,61312,80.0,0.0054431333157201,-901.6905,39.8263,-21.950874,49.0231,-67.97871,30.59746,7.0567937,-2.4912164,28.964638,-5.286634,-2.4901924,-18.164972,-5.314476
345,692898,data/collections/barnyard/sounds/692898_14166079-hq.ogg,7552,20736,65.0,0.0322482689013923,-637.2048,8.40248,-45.670563,37.696827,-0.9310961,27.78908,-1.0148811,-18.409359,7.2142367,-10.731099,-20.41113,2.2118409,-6.2184567
346,692898,data/collections/barnyard/sounds/692898_14166079-hq.ogg,20992,35328,66.0,0.0367537418253698,-645.39026,-40.15796,-87.13933,29.468372,3.2289991,29.285461,8.636207,-11.831309,4.20683,-2.7880838,-16.776676,5.2703304,-12.463705
347,692898,data/collections/barnyard/sounds/692898_14166079-hq.ogg,35584,48512,65.0,0.0258473797213224,-664.6052,-33.03353,-83.933586,23.088144,-0.8321457,28.387571,-3.6048453,-16.480566,8.258261,-8.026158,-20.88438,1.9489431,-7.7703156
348,692898,data/collections/barnyard/sounds/692898_14166079-hq.ogg,48768,67584,65.0,0.0225683256410687,-669.47156,-21.335638,-81.89816,19.935795,-0.75100684,28.154346,-5.303571,-12.341869,0.913455,-15.830456,-15.83427,8.209067,-4.8051114
349,692898,data/collections/barnyard/sounds/692898_14166079-hq.ogg,113536,126720,77.0,0.0178325596867245,-688.40405,-0.58213216,-73.19788,42.724075,-5.6833787,21.339737,8.713635,-17.681757,-16.857344,-28.005714,-5.7738457,6.6892743,1.0297478
350,692898,data/collections/barnyard/sounds/692898_14166079-hq.ogg,126976,142464,78.0,0.0193012467554066,-701.1691,20.374342,-77.77227,25.562265,-6.7142,19.886324,3.0954642,-27.945688,-26.468548,-12.905289,-5.7000065,5.5027647,7.992148
351,644830,data/collections/barnyard/sounds/644830_9159316-hq.ogg,15488,22528,65.0,0.1031359680835956,-675.8686,167.98807,-140.25186,-39.508198,-17.07587,-42.84338,-52.97104,6.9431076,0.35877585,1.4494991,-13.767887,-15.117465,-27.931696
352,644830,data/collections/barnyard/sounds/644830_9159316-hq.ogg,23296,40704,75.0,0.1334836967131472,-652.7279,147.94719,-154.31656,-45.74831,-21.399515,-46.81866,-45.237755,8.262617,-0.5059718,2.2408226,-11.456971,-16.198393,-25.134865
353,644830,data/collections/barnyard/sounds/644830_9159316-hq.ogg,40960,64896,75.0,0.1532618587235819,-643.5637,155.41771,-145.41731,-40.92094,-18.985933,-53.08667,-37.200626,3.990227,2.1785905,3.297682,-7.743681,-8.369039,-24.689974
354,644830,data/collections/barnyard/sounds/644830_9159316-hq.ogg,65280,70144,65.0,0.0469764757457423,-799.6405,169.07149,-77.55851,-6.3823333,-5.217054,-29.301582,-22.948181,4.17489,6.9553604,6.569026,3.2321858,-14.168481,-36.510098
355,644830,data/collections/barnyard/sounds/644830_9159316-hq.ogg,112768,117888,76.0,0.112342520544863,-687.1169,193.32439,-134.66225,-25.84926,-13.0464325,-51.47857,-47.688538,-1.101325,14.060227,14.377738,-11.851725,-8.569479,-24.390018
356,644830,data/collections/barnyard/sounds/644830_9159316-hq.ogg,119552,179456,76.0,0.144496659228636,-657.73505,131.77252,-146.72559,-50.61774,-6.933928,-60.469913,-41.90804,-0.51932716,0.10688369,8.936314,-8.718933,-8.39092,-31.140335
357,644830,data/collections/barnyard/sounds/644830_9159316-hq.ogg,211200,222848,68.0,0.004987932720935,-1087.5524,119.74577,3.3594437,0.048059203,1.3143963,-17.83828,-18.861559,-5.5877523,-6.044751,-3.7715552,4.763481,4.283285,1.7750171
358,644830,data/collections/barnyard/sounds/644830_9159316-hq.ogg,223232,236416,72.0,0.1166604850319671,-694.4678,163.6906,-184.081,-40.5135,-26.926033,-60.483,-54.62254,-4.930843,8.40047,-7.6698174,1.6808456,-7.4640336,-14.117356
359,644830,data/collections/barnyard/sounds/644830_9159316-hq.ogg,236672,259840,76.0,0.1745525448268915,-673.7714,173.27907,-186.56541,-47.424583,-25.340492,-63.014305,-48.922302,-1.0327885,10.8596525,-3.2079446,4.8986135,-6.980115,-17.672884
360,644830,data/collections/barnyard/sounds/644830_9159316-hq.ogg,260096,274304,75.0,0.1440899696521156,-663.5003,162.90744,-174.51474,-40.00878,-32.377594,-51.191387,-45.86829,-1.1583992,0.60561365,0.31913412,-0.49037808,-11.546328,-25.644228
361,644830,data/collections/barnyard/sounds/644830_9159316-hq.ogg,314624,321280,76.0,0.1387358240627253,-676.4574,179.96107,-121.769226,-20.341118,-14.300076,-49.82971,-48.96303,3.4648266,12.494823,13.450112,0.7519741,-9.906682,-31.182192
362,644830,data/collections/barnyard/sounds/644830_9159316-hq.ogg,323456,349568,75.0,0.1151766571882851,-647.5909,140.31422,-144.59949,-41.898678,-19.29842,-57.835953,-39.205677,-4.1081142,6.3934655,-4.6531963,-12.846112,-10.209826,-26.607656
363,669872,data/collections/barnyard/sounds/669872_8392567-hq.ogg,47744,70400,75.0,0.0746889520637015,-611.1638,33.68358,-95.21712,8.899019,-32.439507,-2.162175,22.978075,31.221766,21.803043,12.8499565,-11.555417,-0.86807865,11.512655
364,253871,data/collections/barnyard/sounds/253871_4690538-hq.ogg,2688,23936,87.0,0.0006503510184599,-1008.0137,0.35453948,-16.288029,35.92295,-51.586933,20.717121,19.543276,-1.0584786,-5.9692297,13.22469,3.0859256,-0.29430667,0.53378475
365,812192,data/collections/barnyard/sounds/812192_321967-hq.ogg,4864,18048,77.0,0.1718375293638492,-554.08734,93.90302,-71.04207,-18.953169,-34.132885,-4.9946666,-2.7046673,10.68504,22.48292,12.477927,4.804041,-27.629723,-31.748682
366,812192,data/collections/barnyard/sounds/812192_321967-hq.ogg,18304,36224,78.0,0.1273350861977369,-581.21515,98.98351,-76.5126,-16.487246,-33.684177,-13.080973,-1.909109,17.307693,9.0178,3.987792,8.0223055,-26.847593,-37.64873
367,266616,data/collections/barnyard/sounds/266616_3719168-hq.ogg,12160,25344,90.0,0.0544657573337343,-818.0805,-142.6638,-121.648346,86.75599,-21.145472,78.305855,40.70119,-18.138462,27.10157,26.995188,34.982277,16.281824,23.63327
368,266616,data/collections/barnyard/sounds/266616_3719168-hq.ogg,25600,50816,89.0,0.0489524292297096,-798.05255,-99.4239,-81.921425,93.92761,-27.292765,63.899155,6.491005,-28.498695,18.553682,8.711019,27.913748,15.197478,16.031971
369,581240,data/collections/barnyard/sounds/581240_2247456-hq.ogg,17792,30976,56.0,0.0750989611479103,-644.53314,108.43482,-75.80895,12.036575,-19.010088,-53.012623,-52.46873,7.7888637,-6.607048,-20.11795,-27.063782,-33.036068,-19.544802
370,581240,data/collections/barnyard/sounds/581240_2247456-hq.ogg,31232,46976,56.0,0.0787418170590158,-625.196,99.061356,-93.13509,2.4764526,-41.91303,-78.48881,-33.34746,14.463658,-9.257656,-30.325878,-35.183464,-31.196856,-28.729256
371,581240,data/collections/barnyard/sounds/581240_2247456-hq.ogg,96256,105088,55.0,0.0346917346797543,-818.6411,235.22517,-28.10077,-3.2643983,19.180418,1.0078394,-26.006845,-15.2252035,-41.930237,-15.218334,-7.0723057,-19.820526,-21.219143
372,581240,data/collections/barnyard/sounds/581240_2247456-hq.ogg,115840,124288,64.0,0.0322923085277856,-684.1151,147.55,-100.86427,-6.87372,-1.8186755,-24.46153,-24.958235,15.941625,-13.55824,-28.582035,-7.404193,-16.8539,-14.574392
373,57795,data/collections/barnyard/sounds/57795_18799-hq.ogg,0,13184,64.0,0.0009255693628856,-931.284,109.3294,-37.982723,44.34709,3.006753,-26.303255,15.404785,3.7544699,-18.194183,-22.154318,-15.8389635,20.255281,-1.522181
374,57795,data/collections/barnyard/sounds/57795_18799-hq.ogg,13440,32512,60.0,0.0010742937654519,-922.0021,99.100136,-17.278854,16.008198,-3.9694393,-15.937556,6.097367,-1.8798648,-9.391139,-0.8399896,-15.163328,-7.2223215,-3.5634701
375,57795,data/collections/barnyard/sounds/57795_18799-hq.ogg,34688,47872,62.0,0.0064355378761195,-812.05524,120.43293,-57.618526,3.3489773,-24.052946,-16.427666,4.696261,-17.031403,-9.476799,17.371729,-24.351809,-15.023533,3.6195457
376,57795,data/collections/barnyard/sounds/57795_18799-hq.ogg,48128,61952,66.0,0.0407077984018411,-717.269,161.01207,-95.3686,-23.211063,-29.36516,-23.136435,-11.2239895,-8.447515,9.243951,15.519745,-11.309398,-21.660948,-31.607208
377,57795,data/collections/barnyard/sounds/57795_18799-hq.ogg,62208,76160,66.0,0.031781897256386,-720.96216,157.0219,-106.09726,-28.608315,-32.18141,-20.906555,-19.21753,-5.5522075,7.7622304,2.3502305,-4.4693766,-16.596497,-35.336468
378,57795,data/collections/barnyard/sounds/57795_18799-hq.ogg,76416,89344,64.0,0.022681267515915,-745.79047,156.6079,-97.8952,-29.361694,-27.92227,-17.986578,-7.1141396,8.218956,13.095421,2.6350968,-1.915082,-16.036467,-32.049793
379,57795,data/collections/barnyard/sounds/57795_18799-hq.ogg,89600,108672,64.0,0.0079389382605131,-839.6638,169.89183,-46.26248,-3.639645,-11.512068,-37.98441,-14.859277,-8.632435,-29.081123,-9.359592,-14.237584,-7.327551,-6.3385344
380,57795,data/collections/barnyard/sounds/57795_18799-hq.ogg,108928,123904,63.0,0.0053779935232094,-878.11755,163.2638,-23.278492,-4.5937805,-24.164175,-42.592598,-6.7206907,-10.169661,-21.497967,-5.6002393,-4.150247,10.985929,4.825956
381,57795,data/collections/barnyard/sounds/57795_18799-hq.ogg,128128,134272,65.0,0.0007597039798859,-978.68964,113.01786,-18.015064,17.50888,22.603054,-25.066534,-14.164663,4.163429,-23.152775,2.5402722,7.4051986,0.46576747,-22.288435
382,57795,data/collections/barnyard/sounds/57795_18799-hq.ogg,156032,169344,63.0,0.00350396174293,-804.3592,100.57549,-52.015522,9.485894,-2.3215969,-19.040667,-8.263975,-15.7696905,-20.246847,8.469714,6.2552223,-13.66018,-18.609236
383,57795,data/collections/barnyard/sounds/57795_18799-hq.ogg,169600,191744,64.0,0.0010612561363092,-910.0558,90.27967,-37.66744,28.189308,14.7976,-12.02524,9.053624,-2.412428,-22.777185,-18.857157,-0.90524936,9.45472,-19.369034
384,31811,data/collections/barnyard/sounds/31811_81339-hq.ogg,1664,7680,76.0,0.0003678268621535,-1021.3371,84.08377,-9.57503,53.377636,-9.271072,9.51745,1.1836294,8.622328,-0.08908482,15.82339,10.458153,-1.8945385,6.927068
385,31811,data/collections/barnyard/sounds/31811_81339-hq.ogg,51200,60800,92.0,7.731360253720571e-07,-1264.9116,6.3180923e-06,-6.055832e-05,2.2888184e-05,-7.843971e-05,6.9499016e-05,-3.8027763e-05,-7.4505806e-05,-5.0902367e-05,-1.8239021e-05,-2.7060509e-05,-1.8954277e-05,-4.3034554e-05
386,31811,data/collections/barnyard/sounds/31811_81339-hq.ogg,74880,80896,90.0,7.678807881931278e-07,-1264.9116,6.3180923e-06,-6.055832e-05,2.2888184e-05,-7.843971e-05,6.9499016e-05,-3.8027763e-05,-7.4505806e-05,-5.0902367e-05,-1.8239021e-05,-2.7060509e-05,-1.8954277e-05,-4.3034554e-05
387,31811,data/collections/barnyard/sounds/31811_81339-hq.ogg,82816,109056,93.0,7.576879596423976e-07,-1264.912,6.3180923e-06,-6.055832e-05,2.2888184e-05,-7.843971e-05,6.9499016e-05,-3.8027763e-05,-7.4505806e-05,-5.0902367e-05,-1.8239021e-05,-2.7060509e-05,-1.8954277e-05,-4.3034554e-05
388,31811,data/collections/barnyard/sounds/31811_81339-hq.ogg,132352,140544,92.0,7.675235688074847e-07,-1264.9115,6.3180923e-06,-6.055832e-05,2.2888184e-05,-7.843971e-05,6.9499016e-05,-3.8027763e-05,-7.4505806e-05,-5.0902367e-05,-1.8239021e-05,-2.7060509e-05,-1.8954277e-05,-4.3034554e-05
389,31811,data/collections/barnyard/sounds/31811_81339-hq.ogg,143616,156672,91.0,7.546286333258384e-07,-1264.9117,6.3180923e-06,-6.055832e-05,2.2888184e-05,-7.843971e-05,6.9499016e-05,-3.8027763e-05,-7.4505806e-05,-5.0902367e-05,-1.8239021e-05,-2.7060509e-05,-1.8954277e-05,-4.3034554e-05
390,31811,data/collections/barnyard/sounds/31811_81339-hq.ogg,170240,174720,90.0,7.507769933829278e-07,-1264.9116,6.3180923e-06,-6.055832e-05,2.2888184e-05,-7.843971e-05,6.9499016e-05,-3.8027763e-05,-7.4505806e-05,-5.0902367e-05,-1.8239021e-05,-2.7060509e-05,-1.8954277e-05,-4.3034554e-05
391,182509,data/collections/barnyard/sounds/182509_854782-hq.ogg,4608,23040,77.0,0.0003432176106571,-984.85693,115.7216,-7.4936686,-9.842108,-4.9125104,2.3926618,7.513691,7.1651134,7.8992443,6.5939126,-9.05557,-9.620011,4.052382
392,182509,data/collections/barnyard/sounds/182509_854782-hq.ogg,37120,57984,74.0,0.0008379033053853,-918.99255,118.6794,-9.81476,-5.5429144,1.3568038,8.766697,10.999127,7.3274755,9.6156225,7.3728704,-3.5299122,-0.9910652,10.788469
393,182509,data/collections/barnyard/sounds/182509_854782-hq.ogg,58368,71552,65.0,0.0111650586587645,-718.27545,21.891249,-55.099712,9.099187,-17.63674,-1.3463782,42.78966,5.976656,1.9930261,-0.25091717,5.6314526,12.154218,-17.382862
394,182509,data/collections/barnyard/sounds/182509_854782-hq.ogg,71808,85504,66.0,0.0153146175340342,-708.2631,17.213049,-74.38046,9.677984,-19.868666,-17.604033,32.35228,14.787176,-27.914877,0.7999801,6.3008604,17.168379,-13.2041
395,182509,data/collections/barnyard/sounds/182509_854782-hq.ogg,85760,98688,64.0,0.007273397412706,-823.56494,89.38506,-59.628616,-18.073828,-16.408436,-2.794672,15.010232,6.39144,-1.841248,-2.4351282,5.720185,5.182107,-3.8548708
396,182509,data/collections/barnyard/sounds/182509_854782-hq.ogg,98944,115200,65.0,0.0014116885524237,-897.7872,124.316925,-47.394657,-27.16228,25.100971,20.574467,4.009375,7.3047457,6.309146,-0.6951303,-3.556686,3.2947574,6.2826114
397,182509,data/collections/barnyard/sounds/182509_854782-hq.ogg,117888,126208,62.0,0.0006732142758123,-927.5882,119.721695,3.2601366,3.5287914,-6.9934454,6.387092,13.404097,0.09312737,0.971131,-0.783815,-12.740648,-6.4879756,1.1417122
398,182509,data/collections/barnyard/sounds/182509_854782-hq.ogg,127872,140416,60.0,0.0011188836769995,-911.5345,127.24699,2.121569,6.984156,-4.544382,-2.7325413,3.8284328,-3.7264843,-1.1007471,-4.0794134,-15.875218,-9.535729,-0.961833
399,182509,data/collections/barnyard/sounds/182509_854782-hq.ogg,143744,162944,65.0,0.0018158978846062,-866.5705,133.16974,-32.067307,-10.454451,5.4195366,-0.29614446,-2.4284925,-3.9788432,-7.7568555,-4.793787,-5.8725104,-6.628338,-10.8455925
400,182509,data/collections/barnyard/sounds/182509_854782-hq.ogg,166784,172672,67.0,0.0005352817338096,-934.19885,111.21255,-8.991045,1.6681782,-4.480277,-10.483798,16.932657,17.24654,-1.8806655,6.989003,8.250303,-5.1373262,-0.7704581
401,182509,data/collections/barnyard/sounds/182509_854782-hq.ogg,180096,186880,68.0,0.0003187329401966,-979.586,111.17411,-3.6187618,-4.4282866,-5.280741,-2.5507739,12.182391,11.448601,0.81685835,-1.1378998,-4.8182297,-3.2247064,-0.40232292
402,182509,data/collections/barnyard/sounds/182509_854782-hq.ogg,192384,199680,71.0,0.0001853557207333,-1070.7433,118.42004,6.814173,1.8496666,2.025616,9.5896225,16.741676,17.796167,8.737219,3.658903,1.015262,4.554838,8.77541
403,385913,data/collections/barnyard/sounds/385913_7097737-hq.ogg,512,14336,70.0,0.0109776628891123,-717.3137,63.419006,-22.081017,10.727569,-29.495867,-0.66672146,7.036904,7.2651544,8.574568,-14.229433,-15.747126,-0.039864466,-0.9975716
404,385913,data/collections/barnyard/sounds/385913_7097737-hq.ogg,25600,29952,69.0,0.012448788606514,-658.0605,49.169132,-25.13007,29.131159,-13.652248,0.118802965,2.6897655,-3.3001375,-9.782939,-25.62414,-12.142519,1.5018802,4.6941514
405,385913,data/collections/barnyard/sounds/385913_7097737-hq.ogg,32640,38656,71.0,0.0083862131563046,-719.7772,97.62193,10.26708,20.04542,1.0942634,-7.496347,10.669508,-0.2167666,-6.2106466,-11.760492,-11.472107,-12.056135,-4.7225494
406,385913,data/collections/barnyard/sounds/385913_7097737-hq.ogg,60928,70016,61.0,0.007002042077391,-717.2785,80.11421,31.88443,3.232124,4.089736,1.036239,2.0741594,-0.0021154284,1.7185307,8.881748,-1.9017644,-3.78866,-3.4168363
407,385913,data/collections/barnyard/sounds/385913_7097737-hq.ogg,82176,99712,65.0,0.0062116156799629,-737.772,89.338005,18.819965,6.0071855,4.187748,-14.97045,-3.3200426,-5.674693,0.8067033,5.4956813,-0.6049016,-9.217759,-7.775013
408,385913,data/collections/barnyard/sounds/385913_7097737-hq.ogg,118016,124928,61.0,0.0207488334829942,-636.9563,80.97133,16.049448,-12.037459,-5.344814,1.6498066,9.161963,4.729074,-8.647845,8.61473,-13.521159,-0.028511882,-20.031336
409,385913,data/collections/barnyard/sounds/385913_7097737-hq.ogg,135936,145792,67.0,0.0726414905203424,-537.5131,10.2501335,-25.40535,6.513505,-23.8005,9.588017,-7.245613,4.255657,-3.596269,-3.8090863,-19.319084,7.6648583,-22.954317
410,385913,data/collections/barnyard/sounds/385913_7097737-hq.ogg,147968,162048,64.0,0.0130988890847917,-694.28314,85.484856,17.825737,-3.992383,-11.586895,-2.259585,-8.00626,-11.900395,-7.547145,-3.3800592,-8.145736,-4.5876927,-8.849697
411,385913,data/collections/barnyard/sounds/385913_7097737-hq.ogg,164224,168704,55.0,0.0050703251575151,-761.38776,103.21445,23.373434,-3.492861,1.2599487,-19.836433,-6.3580685,-11.607837,1.2720323,1.2765442,-8.485115,-11.311062,4.0044465
412,385913,data/collections/barnyard/sounds/385913_7097737-hq.ogg,170496,177920,58.0,0.0114153101257364,-698.41693,103.132034,7.575727,-4.30116,-0.5433069,-11.565651,-18.331976,-14.280585,-1.1388673,5.5556836,-2.8529134,-8.262671,-10.689431
413,385913,data/collections/barnyard/sounds/385913_7097737-hq.ogg,188672,194944,58.0,0.0056505275507192,-762.8252,101.90888,38.142345,-2.9564388,2.4024637,-15.284934,-11.686211,-10.238601,-0.41101155,1.4532143,-6.869879,-7.783762,-1.2547868
414,385913,data/collections/barnyard/sounds/385913_7097737-hq.ogg,200576,207872,75.0,0.0131043963409225,-674.558,79.054695,16.51565,12.318278,-10.9304905,-15.337171,-6.5206137,-2.32336,-4.6706347,-3.821109,-0.77049446,-3.6438432,-7.0761895
415,385913,data/collections/barnyard/sounds/385913_7097737-hq.ogg,209152,227456,72.0,0.0206283872249511,-629.7531,62.712547,14.924319,3.4737387,-18.472498,-6.827047,-20.070105,-6.7849865,-2.9017167,-2.23486,-4.6123714,0.24973075,-5.6982136
416,385913,data/collections/barnyard/sounds/385913_7097737-hq.ogg,276224,281088,58.0,7.623564373710886e-05,-1165.1001,78.003204,36.81622,5.384058,-3.2236953,-6.9538126,-5.7264986,-5.3450804,-1.9174973,-6.44897,-9.187805,-5.5794063,-5.3510113
417,200333,data/collections/barnyard/sounds/200333_3159560-hq.ogg,14208,35712,85.0,0.0110438762266806,-756.77216,-44.930332,-51.436085,-41.139812,-23.918325,-6.6461067,-2.3362365,-1.3527014,-20.392593,-12.835177,-9.318466,-5.5554504,9.342022
418,200333,data/collections/barnyard/sounds/200333_3159560-hq.ogg,36352,45312,89.0,0.0002765139827795,-1014.76855,34.819366,20.27061,-17.439875,-8.3392935,-4.7446733,-4.8857627,-8.948329,-11.070708,-10.676264,-10.008434,-8.114679,-9.337048
419,200333,data/collections/barnyard/sounds/200333_3159560-hq.ogg,60928,74112,89.0,0.0370347920490998,-704.9622,-74.90432,-56.646687,-38.392883,-17.311377,-9.567387,-15.801761,-8.085071,-17.074198,-6.3506627,2.0526006,5.809332,0.70696884
420,200333,data/collections/barnyard/sounds/200333_3159560-hq.ogg,74368,89216,92.0,0.0318104560944156,-675.87024,-98.505554,-68.96029,-43.616634,-28.655302,6.9793696,-12.776964,-8.995289,-16.18307,0.5381132,2.0018797,3.2968042,1.3629717
421,200333,data/collections/barnyard/sounds/200333_3159560-hq.ogg,92544,103168,81.0,0.0004278604349978,-1019.465,100.77126,-5.1403894,-46.049202,-21.369864,-7.7511787,3.4581542,-0.46297336,-3.3196075,-5.4869933,-11.802954,-17.286861,-13.0683
422,200333,data/collections/barnyard/sounds/200333_3159560-hq.ogg,125696,132736,89.0,0.0002036944169836,-1056.1803,77.49802,22.35409,-15.400834,-16.270357,-10.458613,-6.606007,-10.373113,-9.645867,-8.48896,-8.949607,-8.103663,-8.167944
423,200333,data/collections/barnyard/sounds/200333_3159560-hq.ogg,134144,139904,92.0,0.0003100613819309,-1007.7827,45.199524,14.101077,-21.612642,-11.667956,-8.356775,-8.643812,-8.655502,-7.1216993,-4.1692386,-4.161312,-10.439793,-6.035003
424,200333,data/collections/barnyard/sounds/200333_3159560-hq.ogg,144640,161280,86.0,0.0100522130467132,-777.34076,-41.98417,-48.157864,-36.906574,-13.467245,-14.001704,-3.3456807,-8.950615,-30.67586,-4.2230263,-15.8597765,-2.3454552,0.13859797
425,200333,data/collections/barnyard/sounds/200333_3159560-hq.ogg,188928,193792,88.0,0.0002150823009038,-1051.6284,71.49228,5.6035094,-31.023468,-13.496355,-1.5755545,1.4765385,-5.736089,-9.5896015,-10.591173,-16.510387,-17.937376,-14.998359
426,200333,data/collections/barnyard/sounds/200333_3159560-hq.ogg,204032,211456,92.0,0.0002267949574263,-1045.7512,71.71486,2.8292854,-35.76877,-9.959125,-0.8776393,2.2515688,-6.2487884,-10.340517,-8.620179,-14.54866,-12.964754,-14.176652
427,200333,data/collections/barnyard/sounds/200333_3159560-hq.ogg,215296,227840,90.0,0.0226977314572591,-731.8942,-64.24556,-48.859512,-33.772015,-21.482374,-2.411879,-15.236454,5.361936,-17.129383,-18.926662,-8.235284,-4.8227153,2.9372985
428,200333,data/collections/barnyard/sounds/200333_3159560-hq.ogg,231680,247424,92.0,0.0035232211819822,-894.4841,22.115515,-21.058094,-36.585625,-21.962746,-15.826638,-1.4805245,-6.982468,-15.705873,-11.191699,-11.88263,-11.363568,0.60050184
429,200333,data/collections/barnyard/sounds/200333_3159560-hq.ogg,249216,262912,91.0,0.0002537600034587,-1027.9114,59.5463,6.8024898,-27.15248,-10.392517,-4.0187755,-3.7437072,-7.4717913,-8.366568,-12.341393,-14.83441,-11.964066,-7.37269
430,200333,data/collections/barnyard/sounds/200333_3159560-hq.ogg,265600,278784,84.0,0.014285194345288,-767.68915,-26.365189,-39.573833,-29.584566,-19.315645,-23.471916,-17.65278,-5.0719476,-15.993816,-11.265775,-14.110035,-0.2961614,-7.201914
431,200333,data/collections/barnyard/sounds/200333_3159560-hq.ogg,279040,293888,86.0,0.0224018635422115,-688.2902,-48.090855,-79.243965,-25.11497,-30.49136,-1.5803493,-5.7120895,-8.063514,-16.822763,-3.8344173,-5.232053,-6.1800485,-9.03445
432,200333,data/collections/barnyard/sounds/200333_3159560-hq.ogg,303488,309888,89.0,0.0005130952583368,-971.46045,40.12081,8.395446,-15.636787,-14.473123,-14.749463,-9.45782,-8.382004,-8.654849,-6.6570053,-3.2006128,-0.523294,-6.213761
433,267147,data/collections/barnyard/sounds/267147_2454586-hq.ogg,16000,29184,75.0,0.0880408374501849,-699.6484,76.21662,-67.08526,1.1325067,-69.9838,-31.249323,15.342298,-12.402718,18.622526,-9.423056,20.750599,18.423489,4.0618625
434,267147,data/collections/barnyard/sounds/267147_2454586-hq.ogg,29440,50816,78.0,0.1501819093463909,-582.492,57.213448,-111.475685,-10.759247,-81.14051,-31.430872,20.390549,-10.254368,15.537903,-6.8726525,23.80086,7.1664248,-18.638515
435,321967,data/collections/barnyard/sounds/321967_3554699-hq.ogg,13568,19584,52.0,0.0326696254120651,-725.08057,185.26648,-81.69845,-27.077845,-3.304484,36.315895,-20.648125,-26.799618,-0.37208986,1.3287029,2.3481393,20.402012,-6.0265746
436,321967,data/collections/barnyard/sounds/321967_3554699-hq.ogg,24832,43392,52.0,0.033027513921611,-734.28156,191.72939,-61.447056,-35.860466,6.020363,24.210815,-17.456284,-10.66894,-5.4484158,-4.7558804,5.293501,9.893296,0.018011967
